run_id,code_type,status,failure_reason,attempts,experiment_labels,encoding,k,l,g,block_size_bytes,stripes,intra_gbps,inter_gbps,repetition,write_time_seconds,write_throughput_mib_s,round,pairs_completed,pairs_total,migration_sum_seconds,parity_sum_seconds,critical_path_seconds,end_to_end_seconds,started_at,finished_at,log_path
4167e662a06adc6a-r01,ClusterRT_LRC,success,,1,bandwidth;block_size;encoding;stripes,k6_l2_g2,6,2,2,1048576,1000,10,1,1,67.8213,0.143991,1,500,500,3.53738,11.0917,12.8403,22.2306,2026-09-17T14:51:07.849424+00:00,2026-09-17T14:53:41.990474+00:00,/users/gxt/DdlRT--LRC/experiments/results/logs/4167e662a06adc6a-r01-attempt01.log
4167e662a06adc6a-r01,ClusterRT_LRC,success,,1,bandwidth;block_size;encoding;stripes,k6_l2_g2,6,2,2,1048576,1000,10,1,1,67.8213,0.143991,2,250,250,4.625,4.78706,7.00186,12.5568,2026-09-17T14:51:07.849424+00:00,2026-09-17T14:53:41.990474+00:00,/users/gxt/DdlRT--LRC/experiments/results/logs/4167e662a06adc6a-r01-attempt01.log
4167e662a06adc6a-r02,ClusterRT_LRC,success,,1,bandwidth;block_size;encoding;stripes,k6_l2_g2,6,2,2,1048576,1000,10,1,2,67.6849,0.144281,1,500,500,3.52431,11.067,12.8355,22.2263,2026-09-17T14:53:44.792721+00:00,2026-09-17T14:56:18.713628+00:00,/users/gxt/DdlRT--LRC/experiments/results/logs/4167e662a06adc6a-r02-attempt01.log
4167e662a06adc6a-r02,ClusterRT_LRC,success,,1,bandwidth;block_size;encoding;stripes,k6_l2_g2,6,2,2,1048576,1000,10,1,2,67.6849,0.144281,2,250,250,4.5924,4.71629,6.92843,12.4527,2026-09-17T14:53:44.792721+00:00,2026-09-17T14:56:18.713628+00:00,/users/gxt/DdlRT--LRC/experiments/results/logs/4167e662a06adc6a-r02-attempt01.log
4167e662a06adc6a-r03,ClusterRT_LRC,success,,1,bandwidth;block_size;encoding;stripes,k6_l2_g2,6,2,2,1048576,1000,10,1,3,66.5763,0.146683,1,500,500,3.55488,10.9522,12.7666,22.1481,2026-09-17T14:56:21.610415+00:00,2026-09-17T14:58:54.515977+00:00,/users/gxt/DdlRT--LRC/experiments/results/logs/4167e662a06adc6a-r03-attempt01.log
4167e662a06adc6a-r03,ClusterRT_LRC,success,,1,bandwidth;block_size;encoding;stripes,k6_l2_g2,6,2,2,1048576,1000,10,1,3,66.5763,0.146683,2,250,250,4.56154,4.7868,6.9408,12.5042,2026-09-17T14:56:21.610415+00:00,2026-09-17T14:58:54.515977+00:00,/users/gxt/DdlRT--LRC/experiments/results/logs/4167e662a06adc6a-r03-attempt01.log
4167e662a06adc6a-r04,ClusterRT_LRC,success,,1,bandwidth;block_size;encoding;stripes,k6_l2_g2,6,2,2,1048576,1000,10,1,4,66.4043,0.147063,1,500,500,3.4979,11.0065,12.7465,22.1589,2026-09-17T14:58:57.418077+00:00,2026-09-17T15:01:29.485865+00:00,/users/gxt/DdlRT--LRC/experiments/results/logs/4167e662a06adc6a-r04-attempt01.log
4167e662a06adc6a-r04,ClusterRT_LRC,success,,1,bandwidth;block_size;encoding;stripes,k6_l2_g2,6,2,2,1048576,1000,10,1,4,66.4043,0.147063,2,250,250,4.5997,4.84756,7.00766,12.5655,2026-09-17T14:58:57.418077+00:00,2026-09-17T15:01:29.485865+00:00,/users/gxt/DdlRT--LRC/experiments/results/logs/4167e662a06adc6a-r04-attempt01.log
4167e662a06adc6a-r05,ClusterRT_LRC,success,,1,bandwidth;block_size;encoding;stripes,k6_l2_g2,6,2,2,1048576,1000,10,1,5,67.2041,0.145313,1,500,500,3.52489,11.1666,12.9246,22.364,2026-09-17T15:01:32.414273+00:00,2026-09-17T15:04:05.921887+00:00,/users/gxt/DdlRT--LRC/experiments/results/logs/4167e662a06adc6a-r05-attempt01.log
4167e662a06adc6a-r05,ClusterRT_LRC,success,,1,bandwidth;block_size;encoding;stripes,k6_l2_g2,6,2,2,1048576,1000,10,1,5,67.2041,0.145313,2,250,250,4.58419,4.76499,6.963,12.5361,2026-09-17T15:01:32.414273+00:00,2026-09-17T15:04:05.921887+00:00,/users/gxt/DdlRT--LRC/experiments/results/logs/4167e662a06adc6a-r05-attempt01.log
e939df15a4bc0b43-r01,ClusterRT_LRC,success,,1,bandwidth,k6_l2_g2,6,2,2,1048576,1000,10,0.5,1,66.8992,0.145975,1,500,500,4.74386,11.062,14.0627,23.4431,2026-09-17T15:04:08.819767+00:00,2026-09-17T15:06:45.129930+00:00,/users/gxt/DdlRT--LRC/experiments/results/logs/e939df15a4bc0b43-r01-attempt01.log
e939df15a4bc0b43-r01,ClusterRT_LRC,success,,1,bandwidth,k6_l2_g2,6,2,2,1048576,1000,10,0.5,1,66.8992,0.145975,2,250,250,6.66708,4.91054,9.10374,14.6583,2026-09-17T15:04:08.819767+00:00,2026-09-17T15:06:45.129930+00:00,/users/gxt/DdlRT--LRC/experiments/results/logs/e939df15a4bc0b43-r01-attempt01.log
e939df15a4bc0b43-r02,ClusterRT_LRC,success,,1,bandwidth,k6_l2_g2,6,2,2,1048576,1000,10,0.5,2,66.7787,0.146239,1,500,500,4.72831,11.0715,14.0404,23.4716,2026-09-17T15:06:47.932290+00:00,2026-09-17T15:09:24.198444+00:00,/users/gxt/DdlRT--LRC/experiments/results/logs/e939df15a4bc0b43-r02-attempt01.log
e939df15a4bc0b43-r02,ClusterRT_LRC,success,,1,bandwidth,k6_l2_g2,6,2,2,1048576,1000,10,0.5,2,66.7787,0.146239,2,250,250,6.65443,4.92845,9.10742,14.7048,2026-09-17T15:06:47.932290+00:00,2026-09-17T15:09:24.198444+00:00,/users/gxt/DdlRT--LRC/experiments/results/logs/e939df15a4bc0b43-r02-attempt01.log
e939df15a4bc0b43-r03,ClusterRT_LRC,success,,2,bandwidth,k6_l2_g2,6,2,2,1048576,1000,10,0.5,3,68.0015,0.143609,1,500,500,4.78605,11.1165,14.1286,23.5131,2026-09-17T15:10:52.252578+00:00,2026-09-17T15:13:29.916430+00:00,/users/gxt/DdlRT--LRC/experiments/results/logs/e939df15a4bc0b43-r03-attempt02.log
e939df15a4bc0b43-r03,ClusterRT_LRC,success,,2,bandwidth,k6_l2_g2,6,2,2,1048576,1000,10,0.5,3,68.0015,0.143609,2,250,250,6.68381,4.8974,9.11552,14.6876,2026-09-17T15:10:52.252578+00:00,2026-09-17T15:13:29.916430+00:00,/users/gxt/DdlRT--LRC/experiments/results/logs/e939df15a4bc0b43-r03-attempt02.log
e939df15a4bc0b43-r04,ClusterRT_LRC,success,,1,bandwidth,k6_l2_g2,6,2,2,1048576,1000,10,0.5,4,67.6599,0.144334,1,500,500,4.73888,11.1545,14.1526,23.5738,2026-09-17T15:13:32.774511+00:00,2026-09-17T15:16:09.472133+00:00,/users/gxt/DdlRT--LRC/experiments/results/logs/e939df15a4bc0b43-r04-attempt01.log
e939df15a4bc0b43-r04,ClusterRT_LRC,success,,1,bandwidth,k6_l2_g2,6,2,2,1048576,1000,10,0.5,4,67.6599,0.144334,2,250,250,6.65,4.84365,9.05183,14.6279,2026-09-17T15:13:32.774511+00:00,2026-09-17T15:16:09.472133+00:00,/users/gxt/DdlRT--LRC/experiments/results/logs/e939df15a4bc0b43-r04-attempt01.log
e939df15a4bc0b43-r05,ClusterRT_LRC,success,,1,bandwidth,k6_l2_g2,6,2,2,1048576,1000,10,0.5,5,67.5698,0.144526,1,500,500,4.72154,11.1788,14.1474,23.5469,2026-09-17T15:16:12.288869+00:00,2026-09-17T15:18:49.490886+00:00,/users/gxt/DdlRT--LRC/experiments/results/logs/e939df15a4bc0b43-r05-attempt01.log
e939df15a4bc0b43-r05,ClusterRT_LRC,success,,1,bandwidth,k6_l2_g2,6,2,2,1048576,1000,10,0.5,5,67.5698,0.144526,2,250,250,6.70097,4.80594,9.07822,14.6433,2026-09-17T15:16:12.288869+00:00,2026-09-17T15:18:49.490886+00:00,/users/gxt/DdlRT--LRC/experiments/results/logs/e939df15a4bc0b43-r05-attempt01.log
396f66fd4b2f9f23-r01,ClusterRT_LRC,success,,1,bandwidth,k6_l2_g2,6,2,2,1048576,1000,10,2,1,67.5994,0.144463,1,500,500,2.93248,10.9853,12.1388,21.5823,2026-09-17T15:18:52.342722+00:00,2026-09-17T15:21:24.398209+00:00,/users/gxt/DdlRT--LRC/experiments/results/logs/396f66fd4b2f9f23-r01-attempt01.log
396f66fd4b2f9f23-r01,ClusterRT_LRC,success,,1,bandwidth,k6_l2_g2,6,2,2,1048576,1000,10,2,1,67.5994,0.144463,2,250,250,3.50203,4.5567,5.74814,11.2193,2026-09-17T15:18:52.342722+00:00,2026-09-17T15:21:24.398209+00:00,/users/gxt/DdlRT--LRC/experiments/results/logs/396f66fd4b2f9f23-r01-attempt01.log
396f66fd4b2f9f23-r02,ClusterRT_LRC,success,,1,bandwidth,k6_l2_g2,6,2,2,1048576,1000,10,2,2,66.6108,0.146607,1,500,500,2.92841,11.0165,12.1935,21.6313,2026-09-17T15:21:27.189708+00:00,2026-09-17T15:23:58.182907+00:00,/users/gxt/DdlRT--LRC/experiments/results/logs/396f66fd4b2f9f23-r02-attempt01.log
396f66fd4b2f9f23-r02,ClusterRT_LRC,success,,1,bandwidth,k6_l2_g2,6,2,2,1048576,1000,10,2,2,66.6108,0.146607,2,250,250,3.51099,4.6228,5.79258,11.3032,2026-09-17T15:21:27.189708+00:00,2026-09-17T15:23:58.182907+00:00,/users/gxt/DdlRT--LRC/experiments/results/logs/396f66fd4b2f9f23-r02-attempt01.log
396f66fd4b2f9f23-r03,ClusterRT_LRC,success,,1,bandwidth,k6_l2_g2,6,2,2,1048576,1000,10,2,3,67.5277,0.144617,1,500,500,2.94856,11.0216,12.2034,21.6143,2026-09-17T15:24:00.963286+00:00,2026-09-17T15:26:32.973838+00:00,/users/gxt/DdlRT--LRC/experiments/results/logs/396f66fd4b2f9f23-r03-attempt01.log
396f66fd4b2f9f23-r03,ClusterRT_LRC,success,,1,bandwidth,k6_l2_g2,6,2,2,1048576,1000,10,2,3,67.5277,0.144617,2,250,250,3.53197,4.59797,5.80535,11.336,2026-09-17T15:24:00.963286+00:00,2026-09-17T15:26:32.973838+00:00,/users/gxt/DdlRT--LRC/experiments/results/logs/396f66fd4b2f9f23-r03-attempt01.log
396f66fd4b2f9f23-r04,ClusterRT_LRC,success,,1,bandwidth,k6_l2_g2,6,2,2,1048576,1000,10,2,4,67.4062,0.144877,1,500,500,2.86414,11.067,12.1714,21.6025,2026-09-17T15:26:35.868867+00:00,2026-09-17T15:29:07.367501+00:00,/users/gxt/DdlRT--LRC/experiments/results/logs/396f66fd4b2f9f23-r04-attempt01.log
396f66fd4b2f9f23-r04,ClusterRT_LRC,success,,1,bandwidth,k6_l2_g2,6,2,2,1048576,1000,10,2,4,67.4062,0.144877,2,250,250,3.53158,4.64128,5.8333,11.4044,2026-09-17T15:26:35.868867+00:00,2026-09-17T15:29:07.367501+00:00,/users/gxt/DdlRT--LRC/experiments/results/logs/396f66fd4b2f9f23-r04-attempt01.log
396f66fd4b2f9f23-r05,ClusterRT_LRC,success,,1,bandwidth,k6_l2_g2,6,2,2,1048576,1000,10,2,5,66.5957,0.14664,1,500,500,2.87663,11.0243,12.1581,21.7288,2026-09-17T15:29:10.244412+00:00,2026-09-17T15:31:41.396596+00:00,/users/gxt/DdlRT--LRC/experiments/results/logs/396f66fd4b2f9f23-r05-attempt01.log
396f66fd4b2f9f23-r05,ClusterRT_LRC,success,,1,bandwidth,k6_l2_g2,6,2,2,1048576,1000,10,2,5,66.5957,0.14664,2,250,250,3.51718,4.60729,5.81019,11.3318,2026-09-17T15:29:10.244412+00:00,2026-09-17T15:31:41.396596+00:00,/users/gxt/DdlRT--LRC/experiments/results/logs/396f66fd4b2f9f23-r05-attempt01.log
3aede0b636cd76a8-r01,ClusterRT_LRC,success,,1,bandwidth,k6_l2_g2,6,2,2,1048576,1000,10,5,1,66.9648,0.145832,1,500,500,2.57432,10.9269,11.8038,21.1727,2026-09-17T15:31:44.312682+00:00,2026-09-17T15:34:14.708416+00:00,/users/gxt/DdlRT--LRC/experiments/results/logs/3aede0b636cd76a8-r01-attempt01.log
3aede0b636cd76a8-r01,ClusterRT_LRC,success,,1,bandwidth,k6_l2_g2,6,2,2,1048576,1000,10,5,1,66.9648,0.145832,2,250,250,3.0587,4.48394,5.27636,10.7622,2026-09-17T15:31:44.312682+00:00,2026-09-17T15:34:14.708416+00:00,/users/gxt/DdlRT--LRC/experiments/results/logs/3aede0b636cd76a8-r01-attempt01.log
3aede0b636cd76a8-r02,ClusterRT_LRC,success,,1,bandwidth,k6_l2_g2,6,2,2,1048576,1000,10,5,2,68.0379,0.143532,1,500,500,2.59013,10.9835,11.8699,21.2903,2026-09-17T15:34:17.565591+00:00,2026-09-17T15:36:49.323387+00:00,/users/gxt/DdlRT--LRC/experiments/results/logs/3aede0b636cd76a8-r02-attempt01.log
3aede0b636cd76a8-r02,ClusterRT_LRC,success,,1,bandwidth,k6_l2_g2,6,2,2,1048576,1000,10,5,2,68.0379,0.143532,2,250,250,3.04001,4.53294,5.33925,10.8288,2026-09-17T15:34:17.565591+00:00,2026-09-17T15:36:49.323387+00:00,/users/gxt/DdlRT--LRC/experiments/results/logs/3aede0b636cd76a8-r02-attempt01.log
3aede0b636cd76a8-r03,ClusterRT_LRC,success,,1,bandwidth,k6_l2_g2,6,2,2,1048576,1000,10,5,3,66.6946,0.146423,1,500,500,2.60002,10.8643,11.7485,21.1183,2026-09-17T15:36:52.155139+00:00,2026-09-17T15:39:21.920148+00:00,/users/gxt/DdlRT--LRC/experiments/results/logs/3aede0b636cd76a8-r03-attempt01.log
3aede0b636cd76a8-r03,ClusterRT_LRC,success,,1,bandwidth,k6_l2_g2,6,2,2,1048576,1000,10,5,3,66.6946,0.146423,2,250,250,2.97663,4.58758,5.24824,10.7615,2026-09-17T15:36:52.155139+00:00,2026-09-17T15:39:21.920148+00:00,/users/gxt/DdlRT--LRC/experiments/results/logs/3aede0b636cd76a8-r03-attempt01.log
3aede0b636cd76a8-r04,ClusterRT_LRC,success,,1,bandwidth,k6_l2_g2,6,2,2,1048576,1000,10,5,4,67.5927,0.144478,1,500,500,2.55176,10.959,11.7912,21.1274,2026-09-17T15:39:24.831378+00:00,2026-09-17T15:41:55.737446+00:00,/users/gxt/DdlRT--LRC/experiments/results/logs/3aede0b636cd76a8-r04-attempt01.log
3aede0b636cd76a8-r04,ClusterRT_LRC,success,,1,bandwidth,k6_l2_g2,6,2,2,1048576,1000,10,5,4,67.5927,0.144478,2,250,250,3.03054,4.65659,5.36241,10.8586,2026-09-17T15:39:24.831378+00:00,2026-09-17T15:41:55.737446+00:00,/users/gxt/DdlRT--LRC/experiments/results/logs/3aede0b636cd76a8-r04-attempt01.log
3aede0b636cd76a8-r05,ClusterRT_LRC,success,,1,bandwidth,k6_l2_g2,6,2,2,1048576,1000,10,5,5,67.2603,0.145192,1,500,500,2.57462,11.0069,11.8577,21.2018,2026-09-17T15:41:58.589934+00:00,2026-09-17T15:44:29.563504+00:00,/users/gxt/DdlRT--LRC/experiments/results/logs/3aede0b636cd76a8-r05-attempt01.log
3aede0b636cd76a8-r05,ClusterRT_LRC,success,,1,bandwidth,k6_l2_g2,6,2,2,1048576,1000,10,5,5,67.2603,0.145192,2,250,250,3.04719,4.6906,5.36155,10.8683,2026-09-17T15:41:58.589934+00:00,2026-09-17T15:44:29.563504+00:00,/users/gxt/DdlRT--LRC/experiments/results/logs/3aede0b636cd76a8-r05-attempt01.log
dcbd98d48749ea9e-r01,ClusterRT_LRC,success,,1,bandwidth,k6_l2_g2,6,2,2,1048576,1000,10,10,1,68.0446,0.143518,1,500,500,2.53182,10.9416,11.7805,21.2262,2026-09-17T15:44:32.341880+00:00,2026-09-17T15:47:03.973316+00:00,/users/gxt/DdlRT--LRC/experiments/results/logs/dcbd98d48749ea9e-r01-attempt01.log
dcbd98d48749ea9e-r01,ClusterRT_LRC,success,,1,bandwidth,k6_l2_g2,6,2,2,1048576,1000,10,10,1,68.0446,0.143518,2,250,250,2.97806,4.71686,5.35145,10.8459,2026-09-17T15:44:32.341880+00:00,2026-09-17T15:47:03.973316+00:00,/users/gxt/DdlRT--LRC/experiments/results/logs/dcbd98d48749ea9e-r01-attempt01.log
dcbd98d48749ea9e-r02,ClusterRT_LRC,success,,2,bandwidth,k6_l2_g2,6,2,2,1048576,1000,10,10,2,66.8281,0.146131,1,500,500,2.55381,11.0072,11.8635,21.3423,2026-09-17T15:47:59.745317+00:00,2026-09-17T15:50:30.189529+00:00,/users/gxt/DdlRT--LRC/experiments/results/logs/dcbd98d48749ea9e-r02-attempt02.log
dcbd98d48749ea9e-r02,ClusterRT_LRC,success,,2,bandwidth,k6_l2_g2,6,2,2,1048576,1000,10,10,2,66.8281,0.146131,2,250,250,2.93849,4.64671,5.26264,10.7723,2026-09-17T15:47:59.745317+00:00,2026-09-17T15:50:30.189529+00:00,/users/gxt/DdlRT--LRC/experiments/results/logs/dcbd98d48749ea9e-r02-attempt02.log
dcbd98d48749ea9e-r03,ClusterRT_LRC,success,,1,bandwidth,k6_l2_g2,6,2,2,1048576,1000,10,10,3,67.0567,0.145632,1,500,500,2.53002,10.9534,11.7636,21.1933,2026-09-17T15:50:33.052028+00:00,2026-09-17T15:53:03.930384+00:00,/users/gxt/DdlRT--LRC/experiments/results/logs/dcbd98d48749ea9e-r03-attempt01.log
dcbd98d48749ea9e-r03,ClusterRT_LRC,success,,1,bandwidth,k6_l2_g2,6,2,2,1048576,1000,10,10,3,67.0567,0.145632,2,250,250,2.90571,4.51068,5.14921,10.6554,2026-09-17T15:50:33.052028+00:00,2026-09-17T15:53:03.930384+00:00,/users/gxt/DdlRT--LRC/experiments/results/logs/dcbd98d48749ea9e-r03-attempt01.log
dcbd98d48749ea9e-r04,ClusterRT_LRC,success,,2,bandwidth,k6_l2_g2,6,2,2,1048576,1000,10,10,4,67.1692,0.145388,1,500,500,2.56114,10.934,11.7818,21.189,2026-09-17T15:55:02.597633+00:00,2026-09-17T15:57:33.379514+00:00,/users/gxt/DdlRT--LRC/experiments/results/logs/dcbd98d48749ea9e-r04-attempt02.log
dcbd98d48749ea9e-r04,ClusterRT_LRC,success,,2,bandwidth,k6_l2_g2,6,2,2,1048576,1000,10,10,4,67.1692,0.145388,2,250,250,2.93831,4.59148,5.20792,10.7351,2026-09-17T15:55:02.597633+00:00,2026-09-17T15:57:33.379514+00:00,/users/gxt/DdlRT--LRC/experiments/results/logs/dcbd98d48749ea9e-r04-attempt02.log
dcbd98d48749ea9e-r05,ClusterRT_LRC,success,,1,bandwidth,k6_l2_g2,6,2,2,1048576,1000,10,10,5,66.7351,0.146334,1,500,500,2.54068,10.9298,11.757,21.1289,2026-09-17T15:57:36.191973+00:00,2026-09-17T16:00:06.272952+00:00,/users/gxt/DdlRT--LRC/experiments/results/logs/dcbd98d48749ea9e-r05-attempt01.log
dcbd98d48749ea9e-r05,ClusterRT_LRC,success,,1,bandwidth,k6_l2_g2,6,2,2,1048576,1000,10,10,5,66.7351,0.146334,2,250,250,2.98292,4.6412,5.27649,10.7588,2026-09-17T15:57:36.191973+00:00,2026-09-17T16:00:06.272952+00:00,/users/gxt/DdlRT--LRC/experiments/results/logs/dcbd98d48749ea9e-r05-attempt01.log
ef73b632015bdb63-r01,ClusterRT_LRC,success,,1,stripes,k6_l2_g2,6,2,2,1048576,500,10,1,1,33.6319,0.145184,1,250,250,1.92762,6.1625,6.97562,11.6381,2026-09-17T16:00:09.089501+00:00,2026-09-17T16:01:52.552229+00:00,/users/gxt/DdlRT--LRC/experiments/results/logs/ef73b632015bdb63-r01-attempt01.log
ef73b632015bdb63-r01,ClusterRT_LRC,success,,1,stripes,k6_l2_g2,6,2,2,1048576,500,10,1,1,33.6319,0.145184,2,125,125,2.18515,2.77636,3.7449,6.44005,2026-09-17T16:00:09.089501+00:00,2026-09-17T16:01:52.552229+00:00,/users/gxt/DdlRT--LRC/experiments/results/logs/ef73b632015bdb63-r01-attempt01.log
ef73b632015bdb63-r02,ClusterRT_LRC,success,,1,stripes,k6_l2_g2,6,2,2,1048576,500,10,1,2,33.3657,0.146342,1,250,250,1.95609,6.18515,7.02012,11.7083,2026-09-17T16:01:55.171430+00:00,2026-09-17T16:03:38.138184+00:00,/users/gxt/DdlRT--LRC/experiments/results/logs/ef73b632015bdb63-r02-attempt01.log
ef73b632015bdb63-r02,ClusterRT_LRC,success,,1,stripes,k6_l2_g2,6,2,2,1048576,500,10,1,2,33.3657,0.146342,2,125,125,2.18977,2.78901,3.72118,6.40358,2026-09-17T16:01:55.171430+00:00,2026-09-17T16:03:38.138184+00:00,/users/gxt/DdlRT--LRC/experiments/results/logs/ef73b632015bdb63-r02-attempt01.log
ef73b632015bdb63-r03,ClusterRT_LRC,success,,1,stripes,k6_l2_g2,6,2,2,1048576,500,10,1,3,33.4044,0.146173,1,250,250,1.95523,6.1583,7.01859,11.7408,2026-09-17T16:03:40.767908+00:00,2026-09-17T16:05:23.430671+00:00,/users/gxt/DdlRT--LRC/experiments/results/logs/ef73b632015bdb63-r03-attempt01.log
ef73b632015bdb63-r03,ClusterRT_LRC,success,,1,stripes,k6_l2_g2,6,2,2,1048576,500,10,1,3,33.4044,0.146173,2,125,125,2.17001,2.80045,3.76514,6.4695,2026-09-17T16:03:40.767908+00:00,2026-09-17T16:05:23.430671+00:00,/users/gxt/DdlRT--LRC/experiments/results/logs/ef73b632015bdb63-r03-attempt01.log
ef73b632015bdb63-r04,ClusterRT_LRC,success,,1,stripes,k6_l2_g2,6,2,2,1048576,500,10,1,4,34.0376,0.143453,1,250,250,1.93002,6.17241,6.99971,11.825,2026-09-17T16:05:26.047545+00:00,2026-09-17T16:07:09.465187+00:00,/users/gxt/DdlRT--LRC/experiments/results/logs/ef73b632015bdb63-r04-attempt01.log
ef73b632015bdb63-r04,ClusterRT_LRC,success,,1,stripes,k6_l2_g2,6,2,2,1048576,500,10,1,4,34.0376,0.143453,2,125,125,2.17323,2.82297,3.75085,6.43185,2026-09-17T16:05:26.047545+00:00,2026-09-17T16:07:09.465187+00:00,/users/gxt/DdlRT--LRC/experiments/results/logs/ef73b632015bdb63-r04-attempt01.log
ef73b632015bdb63-r05,ClusterRT_LRC,success,,1,stripes,k6_l2_g2,6,2,2,1048576,500,10,1,5,33.6351,0.14517,1,250,250,1.93171,6.08761,6.92472,11.5653,2026-09-17T16:07:12.088203+00:00,2026-09-17T16:08:54.766772+00:00,/users/gxt/DdlRT--LRC/experiments/results/logs/ef73b632015bdb63-r05-attempt01.log
ef73b632015bdb63-r05,ClusterRT_LRC,success,,1,stripes,k6_l2_g2,6,2,2,1048576,500,10,1,5,33.6351,0.14517,2,125,125,2.19686,2.80416,3.77129,6.45631,2026-09-17T16:07:12.088203+00:00,2026-09-17T16:08:54.766772+00:00,/users/gxt/DdlRT--LRC/experiments/results/logs/ef73b632015bdb63-r05-attempt01.log
3e9c1c33ea6b225b-r01,ClusterRT_LRC,success,,1,stripes,k6_l2_g2,6,2,2,1048576,1500,10,1,1,100.626,0.145573,1,750,750,5.09484,15.3859,18.2782,32.6899,2026-09-17T16:08:57.409062+00:00,2026-09-17T16:12:20.313700+00:00,/users/gxt/DdlRT--LRC/experiments/results/logs/3e9c1c33ea6b225b-r01-attempt01.log
3e9c1c33ea6b225b-r01,ClusterRT_LRC,success,,1,stripes,k6_l2_g2,6,2,2,1048576,1500,10,1,1,100.626,0.145573,2,375,375,6.78681,6.34639,9.8596,18.2237,2026-09-17T16:08:57.409062+00:00,2026-09-17T16:12:20.313700+00:00,/users/gxt/DdlRT--LRC/experiments/results/logs/3e9c1c33ea6b225b-r01-attempt01.log
3e9c1c33ea6b225b-r02,ClusterRT_LRC,success,,1,stripes,k6_l2_g2,6,2,2,1048576,1500,10,1,2,100.627,0.145571,1,750,750,5.11146,15.2942,18.1841,32.9209,2026-09-17T16:12:23.235209+00:00,2026-09-17T16:15:46.263296+00:00,/users/gxt/DdlRT--LRC/experiments/results/logs/3e9c1c33ea6b225b-r02-attempt01.log
3e9c1c33ea6b225b-r02,ClusterRT_LRC,success,,1,stripes,k6_l2_g2,6,2,2,1048576,1500,10,1,2,100.627,0.145571,2,375,375,6.78335,6.44241,9.90436,18.2492,2026-09-17T16:12:23.235209+00:00,2026-09-17T16:15:46.263296+00:00,/users/gxt/DdlRT--LRC/experiments/results/logs/3e9c1c33ea6b225b-r02-attempt01.log
3e9c1c33ea6b225b-r03,ClusterRT_LRC,success,,1,stripes,k6_l2_g2,6,2,2,1048576,1500,10,1,3,100.296,0.146052,1,750,750,5.08095,15.2926,18.1835,32.5369,2026-09-17T16:15:49.248304+00:00,2026-09-17T16:19:11.489052+00:00,/users/gxt/DdlRT--LRC/experiments/results/logs/3e9c1c33ea6b225b-r03-attempt01.log
3e9c1c33ea6b225b-r03,ClusterRT_LRC,success,,1,stripes,k6_l2_g2,6,2,2,1048576,1500,10,1,3,100.296,0.146052,2,375,375,6.78782,6.2214,9.80799,18.1551,2026-09-17T16:15:49.248304+00:00,2026-09-17T16:19:11.489052+00:00,/users/gxt/DdlRT--LRC/experiments/results/logs/3e9c1c33ea6b225b-r03-attempt01.log
3e9c1c33ea6b225b-r04,ClusterRT_LRC,success,,1,stripes,k6_l2_g2,6,2,2,1048576,1500,10,1,4,100.248,0.146122,1,750,750,5.06072,15.3647,18.2005,32.6427,2026-09-17T16:19:14.412555+00:00,2026-09-17T16:22:37.124874+00:00,/users/gxt/DdlRT--LRC/experiments/results/logs/3e9c1c33ea6b225b-r04-attempt01.log
3e9c1c33ea6b225b-r04,ClusterRT_LRC,success,,1,stripes,k6_l2_g2,6,2,2,1048576,1500,10,1,4,100.248,0.146122,2,375,375,6.78643,6.30778,9.82445,18.1998,2026-09-17T16:19:14.412555+00:00,2026-09-17T16:22:37.124874+00:00,/users/gxt/DdlRT--LRC/experiments/results/logs/3e9c1c33ea6b225b-r04-attempt01.log
3e9c1c33ea6b225b-r05,ClusterRT_LRC,success,,1,stripes,k6_l2_g2,6,2,2,1048576,1500,10,1,5,99.9525,0.146554,1,750,750,5.0903,15.4875,18.3503,32.8008,2026-09-17T16:22:40.092279+00:00,2026-09-17T16:26:02.372865+00:00,/users/gxt/DdlRT--LRC/experiments/results/logs/3e9c1c33ea6b225b-r05-attempt01.log
3e9c1c33ea6b225b-r05,ClusterRT_LRC,success,,1,stripes,k6_l2_g2,6,2,2,1048576,1500,10,1,5,99.9525,0.146554,2,375,375,6.76249,6.34904,9.80365,18.2008,2026-09-17T16:22:40.092279+00:00,2026-09-17T16:26:02.372865+00:00,/users/gxt/DdlRT--LRC/experiments/results/logs/3e9c1c33ea6b225b-r05-attempt01.log
7bca122dcbedcc41-r01,ClusterRT_LRC,success,,1,stripes,k6_l2_g2,6,2,2,1048576,2000,10,1,1,132.886,0.146978,1,1000,1000,7.22728,19.2473,23.6299,43.5297,2026-09-17T16:26:05.358657+00:00,2026-09-17T16:30:17.161301+00:00,/users/gxt/DdlRT--LRC/experiments/results/logs/7bca122dcbedcc41-r01-attempt01.log
7bca122dcbedcc41-r01,ClusterRT_LRC,success,,1,stripes,k6_l2_g2,6,2,2,1048576,2000,10,1,1,132.886,0.146978,2,500,500,8.47637,8.28524,12.5717,23.8431,2026-09-17T16:26:05.358657+00:00,2026-09-17T16:30:17.161301+00:00,/users/gxt/DdlRT--LRC/experiments/results/logs/7bca122dcbedcc41-r01-attempt01.log
7bca122dcbedcc41-r02,ClusterRT_LRC,success,,1,stripes,k6_l2_g2,6,2,2,1048576,2000,10,1,2,134.659,0.145043,1,1000,1000,7.26542,19.402,23.8613,43.7982,2026-09-17T16:30:20.300824+00:00,2026-09-17T16:34:33.945963+00:00,/users/gxt/DdlRT--LRC/experiments/results/logs/7bca122dcbedcc41-r02-attempt01.log
7bca122dcbedcc41-r02,ClusterRT_LRC,success,,1,stripes,k6_l2_g2,6,2,2,1048576,2000,10,1,2,134.659,0.145043,2,500,500,8.48071,8.44647,12.6411,23.9323,2026-09-17T16:30:20.300824+00:00,2026-09-17T16:34:33.945963+00:00,/users/gxt/DdlRT--LRC/experiments/results/logs/7bca122dcbedcc41-r02-attempt01.log
7bca122dcbedcc41-r03,ClusterRT_LRC,success,,1,stripes,k6_l2_g2,6,2,2,1048576,2000,10,1,3,132.859,0.147007,1,1000,1000,7.1838,19.341,23.6943,43.6901,2026-09-17T16:34:37.094000+00:00,2026-09-17T16:38:48.827419+00:00,/users/gxt/DdlRT--LRC/experiments/results/logs/7bca122dcbedcc41-r03-attempt01.log
7bca122dcbedcc41-r03,ClusterRT_LRC,success,,1,stripes,k6_l2_g2,6,2,2,1048576,2000,10,1,3,132.859,0.147007,2,500,500,8.46279,8.36878,12.6067,23.9095,2026-09-17T16:34:37.094000+00:00,2026-09-17T16:38:48.827419+00:00,/users/gxt/DdlRT--LRC/experiments/results/logs/7bca122dcbedcc41-r03-attempt01.log
7bca122dcbedcc41-r04,ClusterRT_LRC,success,,1,stripes,k6_l2_g2,6,2,2,1048576,2000,10,1,4,132.885,0.146978,1,1000,1000,7.24818,19.3034,23.7396,43.7198,2026-09-17T16:38:51.981578+00:00,2026-09-17T16:43:04.208236+00:00,/users/gxt/DdlRT--LRC/experiments/results/logs/7bca122dcbedcc41-r04-attempt01.log
7bca122dcbedcc41-r04,ClusterRT_LRC,success,,1,stripes,k6_l2_g2,6,2,2,1048576,2000,10,1,4,132.885,0.146978,2,500,500,8.42682,8.3267,12.5109,23.7568,2026-09-17T16:38:51.981578+00:00,2026-09-17T16:43:04.208236+00:00,/users/gxt/DdlRT--LRC/experiments/results/logs/7bca122dcbedcc41-r04-attempt01.log
7bca122dcbedcc41-r05,ClusterRT_LRC,success,,1,stripes,k6_l2_g2,6,2,2,1048576,2000,10,1,5,132.273,0.147659,1,1000,1000,7.19201,19.2215,23.6234,43.6448,2026-09-17T16:43:07.337658+00:00,2026-09-17T16:47:18.547455+00:00,/users/gxt/DdlRT--LRC/experiments/results/logs/7bca122dcbedcc41-r05-attempt01.log
7bca122dcbedcc41-r05,ClusterRT_LRC,success,,1,stripes,k6_l2_g2,6,2,2,1048576,2000,10,1,5,132.273,0.147659,2,500,500,8.51468,8.30071,12.6179,24.0295,2026-09-17T16:43:07.337658+00:00,2026-09-17T16:47:18.547455+00:00,/users/gxt/DdlRT--LRC/experiments/results/logs/7bca122dcbedcc41-r05-attempt01.log
9d8999d7e04cb116-r01,ClusterRT_LRC,success,,1,block_size,k6_l2_g2,6,2,2,262144,1000,10,1,1,26.7426,0.0912928,1,500,500,1.48131,5.88674,6.43049,14.4812,2026-09-17T16:47:21.666405+00:00,2026-09-17T16:49:02.357802+00:00,/users/gxt/DdlRT--LRC/experiments/results/logs/9d8999d7e04cb116-r01-attempt01.log
9d8999d7e04cb116-r01,ClusterRT_LRC,success,,1,block_size,k6_l2_g2,6,2,2,262144,1000,10,1,1,26.7426,0.0912928,2,250,250,2.05249,2.15274,3.1317,7.8446,2026-09-17T16:47:21.666405+00:00,2026-09-17T16:49:02.357802+00:00,/users/gxt/DdlRT--LRC/experiments/results/logs/9d8999d7e04cb116-r01-attempt01.log
9d8999d7e04cb116-r02,ClusterRT_LRC,success,,1,block_size,k6_l2_g2,6,2,2,262144,1000,10,1,2,26.6507,0.0916075,1,500,500,1.48321,5.87941,6.42988,14.4214,2026-09-17T16:49:04.919386+00:00,2026-09-17T16:50:45.254311+00:00,/users/gxt/DdlRT--LRC/experiments/results/logs/9d8999d7e04cb116-r02-attempt01.log
9d8999d7e04cb116-r02,ClusterRT_LRC,success,,1,block_size,k6_l2_g2,6,2,2,262144,1000,10,1,2,26.6507,0.0916075,2,250,250,2.04551,2.15006,3.11718,7.82671,2026-09-17T16:49:04.919386+00:00,2026-09-17T16:50:45.254311+00:00,/users/gxt/DdlRT--LRC/experiments/results/logs/9d8999d7e04cb116-r02-attempt01.log
9d8999d7e04cb116-r03,ClusterRT_LRC,success,,1,block_size,k6_l2_g2,6,2,2,262144,1000,10,1,3,26.4491,0.0923059,1,500,500,1.48584,5.90037,6.4615,14.5208,2026-09-17T16:50:47.820439+00:00,2026-09-17T16:52:27.833217+00:00,/users/gxt/DdlRT--LRC/experiments/results/logs/9d8999d7e04cb116-r03-attempt01.log
9d8999d7e04cb116-r03,ClusterRT_LRC,success,,1,block_size,k6_l2_g2,6,2,2,262144,1000,10,1,3,26.4491,0.0923059,2,250,250,2.05598,2.15291,3.14353,7.89115,2026-09-17T16:50:47.820439+00:00,2026-09-17T16:52:27.833217+00:00,/users/gxt/DdlRT--LRC/experiments/results/logs/9d8999d7e04cb116-r03-attempt01.log
9d8999d7e04cb116-r04,ClusterRT_LRC,success,,1,block_size,k6_l2_g2,6,2,2,262144,1000,10,1,4,26.46,0.0922676,1,500,500,1.47397,5.86821,6.40369,14.4215,2026-09-17T16:52:30.436376+00:00,2026-09-17T16:54:10.734631+00:00,/users/gxt/DdlRT--LRC/experiments/results/logs/9d8999d7e04cb116-r04-attempt01.log
9d8999d7e04cb116-r04,ClusterRT_LRC,success,,1,block_size,k6_l2_g2,6,2,2,262144,1000,10,1,4,26.46,0.0922676,2,250,250,2.06052,2.13896,3.13221,7.82195,2026-09-17T16:52:30.436376+00:00,2026-09-17T16:54:10.734631+00:00,/users/gxt/DdlRT--LRC/experiments/results/logs/9d8999d7e04cb116-r04-attempt01.log
9d8999d7e04cb116-r05,ClusterRT_LRC,success,,1,block_size,k6_l2_g2,6,2,2,262144,1000,10,1,5,26.9129,0.0907151,1,500,500,1.48301,5.86804,6.41647,14.3884,2026-09-17T16:54:13.298377+00:00,2026-09-17T16:55:54.106966+00:00,/users/gxt/DdlRT--LRC/experiments/results/logs/9d8999d7e04cb116-r05-attempt01.log
9d8999d7e04cb116-r05,ClusterRT_LRC,success,,1,block_size,k6_l2_g2,6,2,2,262144,1000,10,1,5,26.9129,0.0907151,2,250,250,2.04996,2.1433,3.11113,7.87878,2026-09-17T16:54:13.298377+00:00,2026-09-17T16:55:54.106966+00:00,/users/gxt/DdlRT--LRC/experiments/results/logs/9d8999d7e04cb116-r05-attempt01.log
59902daebdc5d861-r01,ClusterRT_LRC,success,,2,block_size,k6_l2_g2,6,2,2,524288,1000,10,1,1,38.974,0.125284,1,500,500,2.12037,7.73898,8.62922,17.1357,2026-09-17T16:57:07.226628+00:00,2026-09-17T16:59:04.564882+00:00,/users/gxt/DdlRT--LRC/experiments/results/logs/59902daebdc5d861-r01-attempt02.log
59902daebdc5d861-r01,ClusterRT_LRC,success,,2,block_size,k6_l2_g2,6,2,2,524288,1000,10,1,1,38.974,0.125284,2,250,250,2.87021,3.02101,4.3888,9.42042,2026-09-17T16:57:07.226628+00:00,2026-09-17T16:59:04.564882+00:00,/users/gxt/DdlRT--LRC/experiments/results/logs/59902daebdc5d861-r01-attempt02.log
59902daebdc5d861-r02,ClusterRT_LRC,success,,1,block_size,k6_l2_g2,6,2,2,524288,1000,10,1,2,38.664,0.126288,1,500,500,2.13733,7.71457,8.62888,17.1645,2026-09-17T16:59:07.199235+00:00,2026-09-17T17:01:03.539130+00:00,/users/gxt/DdlRT--LRC/experiments/results/logs/59902daebdc5d861-r02-attempt01.log
59902daebdc5d861-r02,ClusterRT_LRC,success,,1,block_size,k6_l2_g2,6,2,2,524288,1000,10,1,2,38.664,0.126288,2,250,250,2.86815,3.02547,4.37925,9.40972,2026-09-17T16:59:07.199235+00:00,2026-09-17T17:01:03.539130+00:00,/users/gxt/DdlRT--LRC/experiments/results/logs/59902daebdc5d861-r02-attempt01.log
59902daebdc5d861-r03,ClusterRT_LRC,success,,1,block_size,k6_l2_g2,6,2,2,524288,1000,10,1,3,38.6033,0.126487,1,500,500,2.14052,7.77141,8.66995,17.1692,2026-09-17T17:01:06.149849+00:00,2026-09-17T17:03:02.404353+00:00,/users/gxt/DdlRT--LRC/experiments/results/logs/59902daebdc5d861-r03-attempt01.log
59902daebdc5d861-r03,ClusterRT_LRC,success,,1,block_size,k6_l2_g2,6,2,2,524288,1000,10,1,3,38.6033,0.126487,2,250,250,2.86147,3.03612,4.3466,9.33519,2026-09-17T17:01:06.149849+00:00,2026-09-17T17:03:02.404353+00:00,/users/gxt/DdlRT--LRC/experiments/results/logs/59902daebdc5d861-r03-attempt01.log
59902daebdc5d861-r04,ClusterRT_LRC,success,,1,block_size,k6_l2_g2,6,2,2,524288,1000,10,1,4,38.7645,0.125961,1,500,500,2.14482,7.80435,8.69519,17.3177,2026-09-17T17:03:05.114892+00:00,2026-09-17T17:05:02.288316+00:00,/users/gxt/DdlRT--LRC/experiments/results/logs/59902daebdc5d861-r04-attempt01.log
59902daebdc5d861-r04,ClusterRT_LRC,success,,1,block_size,k6_l2_g2,6,2,2,524288,1000,10,1,4,38.7645,0.125961,2,250,250,2.87247,3.03623,4.37432,9.40066,2026-09-17T17:03:05.114892+00:00,2026-09-17T17:05:02.288316+00:00,/users/gxt/DdlRT--LRC/experiments/results/logs/59902daebdc5d861-r04-attempt01.log
59902daebdc5d861-r05,ClusterRT_LRC,success,,1,block_size,k6_l2_g2,6,2,2,524288,1000,10,1,5,38.1525,0.127982,1,500,500,2.12743,7.75251,8.64878,17.1221,2026-09-17T17:05:04.908908+00:00,2026-09-17T17:07:00.395566+00:00,/users/gxt/DdlRT--LRC/experiments/results/logs/59902daebdc5d861-r05-attempt01.log
59902daebdc5d861-r05,ClusterRT_LRC,success,,1,block_size,k6_l2_g2,6,2,2,524288,1000,10,1,5,38.1525,0.127982,2,250,250,2.89054,2.9933,4.36599,9.38105,2026-09-17T17:05:04.908908+00:00,2026-09-17T17:07:00.395566+00:00,/users/gxt/DdlRT--LRC/experiments/results/logs/59902daebdc5d861-r05-attempt01.log
c277cb7a6034516d-r01,ClusterRT_LRC,success,,1,block_size,k6_l2_g2,6,2,2,2097152,1000,10,1,1,126.639,0.154228,1,500,500,6.33178,17.5371,21.1233,32.092,2026-09-17T17:07:03.010414+00:00,2026-09-17T17:10:51.534757+00:00,/users/gxt/DdlRT--LRC/experiments/results/logs/c277cb7a6034516d-r01-attempt01.log
c277cb7a6034516d-r01,ClusterRT_LRC,success,,1,block_size,k6_l2_g2,6,2,2,2097152,1000,10,1,1,126.639,0.154228,2,250,250,7.97717,7.9839,11.9987,18.4107,2026-09-17T17:07:03.010414+00:00,2026-09-17T17:10:51.534757+00:00,/users/gxt/DdlRT--LRC/experiments/results/logs/c277cb7a6034516d-r01-attempt01.log
c277cb7a6034516d-r02,ClusterRT_LRC,success,,2,block_size,k6_l2_g2,6,2,2,2097152,1000,10,1,2,125.453,0.155685,1,500,500,6.45479,17.392,21.0738,31.9761,2026-09-17T17:11:53.370590+00:00,2026-09-17T17:15:41.109228+00:00,/users/gxt/DdlRT--LRC/experiments/results/logs/c277cb7a6034516d-r02-attempt02.log
c277cb7a6034516d-r02,ClusterRT_LRC,success,,2,block_size,k6_l2_g2,6,2,2,2097152,1000,10,1,2,125.453,0.155685,2,250,250,7.94997,7.99462,11.9011,18.3228,2026-09-17T17:11:53.370590+00:00,2026-09-17T17:15:41.109228+00:00,/users/gxt/DdlRT--LRC/experiments/results/logs/c277cb7a6034516d-r02-attempt02.log
c277cb7a6034516d-r03,ClusterRT_LRC,success,,1,block_size,k6_l2_g2,6,2,2,2097152,1000,10,1,3,126.126,0.154855,1,500,500,6.37774,17.2429,20.869,31.8064,2026-09-17T17:15:44.217287+00:00,2026-09-17T17:19:31.825147+00:00,/users/gxt/DdlRT--LRC/experiments/results/logs/c277cb7a6034516d-r03-attempt01.log
c277cb7a6034516d-r03,ClusterRT_LRC,success,,1,block_size,k6_l2_g2,6,2,2,2097152,1000,10,1,3,126.126,0.154855,2,250,250,8.01401,8.05004,12.0771,18.4786,2026-09-17T17:15:44.217287+00:00,2026-09-17T17:19:31.825147+00:00,/users/gxt/DdlRT--LRC/experiments/results/logs/c277cb7a6034516d-r03-attempt01.log
c277cb7a6034516d-r04,ClusterRT_LRC,success,,1,block_size,k6_l2_g2,6,2,2,2097152,1000,10,1,4,127.078,0.153695,1,500,500,6.38985,17.5551,21.1634,32.0701,2026-09-17T17:19:34.896165+00:00,2026-09-17T17:23:23.849335+00:00,/users/gxt/DdlRT--LRC/experiments/results/logs/c277cb7a6034516d-r04-attempt01.log
c277cb7a6034516d-r04,ClusterRT_LRC,success,,1,block_size,k6_l2_g2,6,2,2,2097152,1000,10,1,4,127.078,0.153695,2,250,250,7.95032,8.02493,12.0188,18.4971,2026-09-17T17:19:34.896165+00:00,2026-09-17T17:23:23.849335+00:00,/users/gxt/DdlRT--LRC/experiments/results/logs/c277cb7a6034516d-r04-attempt01.log
c277cb7a6034516d-r05,ClusterRT_LRC,success,,1,block_size,k6_l2_g2,6,2,2,2097152,1000,10,1,5,127.151,0.153607,1,500,500,6.28077,17.4136,20.9077,31.8088,2026-09-17T17:23:26.917041+00:00,2026-09-17T17:27:15.675401+00:00,/users/gxt/DdlRT--LRC/experiments/results/logs/c277cb7a6034516d-r05-attempt01.log
c277cb7a6034516d-r05,ClusterRT_LRC,success,,1,block_size,k6_l2_g2,6,2,2,2097152,1000,10,1,5,127.151,0.153607,2,250,250,7.89932,8.14047,12.0184,18.4462,2026-09-17T17:23:26.917041+00:00,2026-09-17T17:27:15.675401+00:00,/users/gxt/DdlRT--LRC/experiments/results/logs/c277cb7a6034516d-r05-attempt01.log
294ce277ccfa873e-r01,ClusterRT_LRC,success,,1,block_size,k6_l2_g2,6,2,2,4194304,1000,10,1,1,246.11,0.15872,1,500,500,12.0464,31.0091,38.1274,51.8214,2026-09-17T17:27:18.766368+00:00,2026-09-17T17:33:38.762443+00:00,/users/gxt/DdlRT--LRC/experiments/results/logs/294ce277ccfa873e-r01-attempt01.log
294ce277ccfa873e-r01,ClusterRT_LRC,success,,1,block_size,k6_l2_g2,6,2,2,4194304,1000,10,1,1,246.11,0.15872,2,250,250,14.8189,15.0448,22.5035,30.5239,2026-09-17T17:27:18.766368+00:00,2026-09-17T17:33:38.762443+00:00,/users/gxt/DdlRT--LRC/experiments/results/logs/294ce277ccfa873e-r01-attempt01.log
294ce277ccfa873e-r02,ClusterRT_LRC,success,,1,block_size,k6_l2_g2,6,2,2,4194304,1000,10,1,2,245.324,0.159228,1,500,500,12.1547,31.1903,38.449,52.0952,2026-09-17T17:33:42.926730+00:00,2026-09-17T17:40:02.112993+00:00,/users/gxt/DdlRT--LRC/experiments/results/logs/294ce277ccfa873e-r02-attempt01.log
294ce277ccfa873e-r02,ClusterRT_LRC,success,,1,block_size,k6_l2_g2,6,2,2,4194304,1000,10,1,2,245.324,0.159228,2,250,250,14.7003,14.7464,22.2657,30.2848,2026-09-17T17:33:42.926730+00:00,2026-09-17T17:40:02.112993+00:00,/users/gxt/DdlRT--LRC/experiments/results/logs/294ce277ccfa873e-r02-attempt01.log
294ce277ccfa873e-r03,ClusterRT_LRC,success,,1,block_size,k6_l2_g2,6,2,2,4194304,1000,10,1,3,250.046,0.156222,1,500,500,12.1745,31.2004,38.4389,52.1284,2026-09-17T17:40:06.193714+00:00,2026-09-17T17:46:30.143701+00:00,/users/gxt/DdlRT--LRC/experiments/results/logs/294ce277ccfa873e-r03-attempt01.log
294ce277ccfa873e-r03,ClusterRT_LRC,success,,1,block_size,k6_l2_g2,6,2,2,4194304,1000,10,1,3,250.046,0.156222,2,250,250,14.5632,15.0174,22.331,30.3372,2026-09-17T17:40:06.193714+00:00,2026-09-17T17:46:30.143701+00:00,/users/gxt/DdlRT--LRC/experiments/results/logs/294ce277ccfa873e-r03-attempt01.log
294ce277ccfa873e-r04,ClusterRT_LRC,success,,1,block_size,k6_l2_g2,6,2,2,4194304,1000,10,1,4,248.876,0.156956,1,500,500,11.8202,31.2456,38.094,51.7546,2026-09-17T17:46:34.420062+00:00,2026-09-17T17:52:57.046416+00:00,/users/gxt/DdlRT--LRC/experiments/results/logs/294ce277ccfa873e-r04-attempt01.log
294ce277ccfa873e-r04,ClusterRT_LRC,success,,1,block_size,k6_l2_g2,6,2,2,4194304,1000,10,1,4,248.876,0.156956,2,250,250,14.7098,14.8825,22.3439,30.3863,2026-09-17T17:46:34.420062+00:00,2026-09-17T17:52:57.046416+00:00,/users/gxt/DdlRT--LRC/experiments/results/logs/294ce277ccfa873e-r04-attempt01.log
294ce277ccfa873e-r05,ClusterRT_LRC,success,,1,block_size,k6_l2_g2,6,2,2,4194304,1000,10,1,5,249.758,0.156401,1,500,500,12.1025,31.2983,38.4503,52.1289,2026-09-17T17:53:01.228035+00:00,2026-09-17T17:59:25.026708+00:00,/users/gxt/DdlRT--LRC/experiments/results/logs/294ce277ccfa873e-r05-attempt01.log
294ce277ccfa873e-r05,ClusterRT_LRC,success,,1,block_size,k6_l2_g2,6,2,2,4194304,1000,10,1,5,249.758,0.156401,2,250,250,14.6109,14.6934,22.2357,30.2715,2026-09-17T17:53:01.228035+00:00,2026-09-17T17:59:25.026708+00:00,/users/gxt/DdlRT--LRC/experiments/results/logs/294ce277ccfa873e-r05-attempt01.log
7ed616e4af6dd647-r01,ClusterRT_LRC,success,,1,bandwidth;block_size;encoding;stripes,k8_l2_g2,8,2,2,1048576,1000,10,1,1,92.287,0.126982,1,500,500,12.6413,11.3831,14.9577,26.4434,2026-09-17T17:59:29.143664+00:00,2026-09-17T18:02:35.733480+00:00,/users/gxt/DdlRT--LRC/experiments/results/logs/7ed616e4af6dd647-r01-attempt01.log
7ed616e4af6dd647-r01,ClusterRT_LRC,success,,1,bandwidth;block_size;encoding;stripes,k8_l2_g2,8,2,2,1048576,1000,10,1,1,92.287,0.126982,2,250,250,8.61209,4.68717,8.7706,16.8423,2026-09-17T17:59:29.143664+00:00,2026-09-17T18:02:35.733480+00:00,/users/gxt/DdlRT--LRC/experiments/results/logs/7ed616e4af6dd647-r01-attempt01.log
7ed616e4af6dd647-r02,ClusterRT_LRC,success,,1,bandwidth;block_size;encoding;stripes,k8_l2_g2,8,2,2,1048576,1000,10,1,2,93.6816,0.125091,1,500,500,12.5721,11.2412,14.8372,26.2606,2026-09-17T18:02:38.596818+00:00,2026-09-17T18:05:46.955787+00:00,/users/gxt/DdlRT--LRC/experiments/results/logs/7ed616e4af6dd647-r02-attempt01.log
7ed616e4af6dd647-r02,ClusterRT_LRC,success,,1,bandwidth;block_size;encoding;stripes,k8_l2_g2,8,2,2,1048576,1000,10,1,2,93.6816,0.125091,2,250,250,8.6059,4.65481,8.75304,16.902,2026-09-17T18:02:38.596818+00:00,2026-09-17T18:05:46.955787+00:00,/users/gxt/DdlRT--LRC/experiments/results/logs/7ed616e4af6dd647-r02-attempt01.log
7ed616e4af6dd647-r03,ClusterRT_LRC,success,,1,bandwidth;block_size;encoding;stripes,k8_l2_g2,8,2,2,1048576,1000,10,1,3,92.0371,0.127326,1,500,500,12.5189,11.5745,15.0458,26.4535,2026-09-17T18:05:49.878210+00:00,2026-09-17T18:08:56.569420+00:00,/users/gxt/DdlRT--LRC/experiments/results/logs/7ed616e4af6dd647-r03-attempt01.log
7ed616e4af6dd647-r03,ClusterRT_LRC,success,,1,bandwidth;block_size;encoding;stripes,k8_l2_g2,8,2,2,1048576,1000,10,1,3,92.0371,0.127326,2,250,250,8.61715,4.70218,8.77621,16.8105,2026-09-17T18:05:49.878210+00:00,2026-09-17T18:08:56.569420+00:00,/users/gxt/DdlRT--LRC/experiments/results/logs/7ed616e4af6dd647-r03-attempt01.log
7ed616e4af6dd647-r04,ClusterRT_LRC,success,,1,bandwidth;block_size;encoding;stripes,k8_l2_g2,8,2,2,1048576,1000,10,1,4,93.7271,0.125031,1,500,500,12.5538,11.2879,14.8222,26.2451,2026-09-17T18:08:59.462688+00:00,2026-09-17T18:12:07.396456+00:00,/users/gxt/DdlRT--LRC/experiments/results/logs/7ed616e4af6dd647-r04-attempt01.log
7ed616e4af6dd647-r04,ClusterRT_LRC,success,,1,bandwidth;block_size;encoding;stripes,k8_l2_g2,8,2,2,1048576,1000,10,1,4,93.7271,0.125031,2,250,250,8.58131,4.60546,8.71975,16.8142,2026-09-17T18:08:59.462688+00:00,2026-09-17T18:12:07.396456+00:00,/users/gxt/DdlRT--LRC/experiments/results/logs/7ed616e4af6dd647-r04-attempt01.log
7ed616e4af6dd647-r05,ClusterRT_LRC,success,,1,bandwidth;block_size;encoding;stripes,k8_l2_g2,8,2,2,1048576,1000,10,1,5,92.6865,0.126434,1,500,500,12.5515,11.4073,14.8806,26.321,2026-09-17T18:12:10.268815+00:00,2026-09-17T18:15:17.830901+00:00,/users/gxt/DdlRT--LRC/experiments/results/logs/7ed616e4af6dd647-r05-attempt01.log
7ed616e4af6dd647-r05,ClusterRT_LRC,success,,1,bandwidth;block_size;encoding;stripes,k8_l2_g2,8,2,2,1048576,1000,10,1,5,92.6865,0.126434,2,250,250,8.61517,4.68018,8.76304,16.8779,2026-09-17T18:12:10.268815+00:00,2026-09-17T18:15:17.830901+00:00,/users/gxt/DdlRT--LRC/experiments/results/logs/7ed616e4af6dd647-r05-attempt01.log
5ad54a23b3fd9156-r01,ClusterRT_LRC,success,,1,bandwidth,k8_l2_g2,8,2,2,1048576,1000,10,0.5,1,94.662,0.123796,1,500,500,15.378,11.5872,17.7587,29.3391,2026-09-17T18:15:20.702121+00:00,2026-09-17T18:18:37.671324+00:00,/users/gxt/DdlRT--LRC/experiments/results/logs/5ad54a23b3fd9156-r01-attempt01.log
5ad54a23b3fd9156-r01,ClusterRT_LRC,success,,1,bandwidth,k8_l2_g2,8,2,2,1048576,1000,10,0.5,1,94.662,0.123796,2,250,250,13.1628,4.86379,13.3946,21.5051,2026-09-17T18:15:20.702121+00:00,2026-09-17T18:18:37.671324+00:00,/users/gxt/DdlRT--LRC/experiments/results/logs/5ad54a23b3fd9156-r01-attempt01.log
5ad54a23b3fd9156-r02,ClusterRT_LRC,success,,1,bandwidth,k8_l2_g2,8,2,2,1048576,1000,10,0.5,2,93.7709,0.124972,1,500,500,15.322,11.4982,17.7566,29.2536,2026-09-17T18:18:40.706247+00:00,2026-09-17T18:21:56.668382+00:00,/users/gxt/DdlRT--LRC/experiments/results/logs/5ad54a23b3fd9156-r02-attempt01.log
5ad54a23b3fd9156-r02,ClusterRT_LRC,success,,1,bandwidth,k8_l2_g2,8,2,2,1048576,1000,10,0.5,2,93.7709,0.124972,2,250,250,13.1795,4.77986,13.4229,21.5145,2026-09-17T18:18:40.706247+00:00,2026-09-17T18:21:56.668382+00:00,/users/gxt/DdlRT--LRC/experiments/results/logs/5ad54a23b3fd9156-r02-attempt01.log
5ad54a23b3fd9156-r03,ClusterRT_LRC,success,,1,bandwidth,k8_l2_g2,8,2,2,1048576,1000,10,0.5,3,97.0498,0.12075,1,500,500,15.4209,11.5353,17.8297,29.3609,2026-09-17T18:21:59.672303+00:00,2026-09-17T18:25:18.909088+00:00,/users/gxt/DdlRT--LRC/experiments/results/logs/5ad54a23b3fd9156-r03-attempt01.log
5ad54a23b3fd9156-r03,ClusterRT_LRC,success,,1,bandwidth,k8_l2_g2,8,2,2,1048576,1000,10,0.5,3,97.0498,0.12075,2,250,250,13.1128,4.83586,13.3421,21.4698,2026-09-17T18:21:59.672303+00:00,2026-09-17T18:25:18.909088+00:00,/users/gxt/DdlRT--LRC/experiments/results/logs/5ad54a23b3fd9156-r03-attempt01.log
5ad54a23b3fd9156-r04,ClusterRT_LRC,success,,1,bandwidth,k8_l2_g2,8,2,2,1048576,1000,10,0.5,4,94.1526,0.124466,1,500,500,15.3591,11.551,17.7739,29.2422,2026-09-17T18:25:21.785904+00:00,2026-09-17T18:28:38.410972+00:00,/users/gxt/DdlRT--LRC/experiments/results/logs/5ad54a23b3fd9156-r04-attempt01.log
5ad54a23b3fd9156-r04,ClusterRT_LRC,success,,1,bandwidth,k8_l2_g2,8,2,2,1048576,1000,10,0.5,4,94.1526,0.124466,2,250,250,13.127,4.83343,13.3616,21.4794,2026-09-17T18:25:21.785904+00:00,2026-09-17T18:28:38.410972+00:00,/users/gxt/DdlRT--LRC/experiments/results/logs/5ad54a23b3fd9156-r04-attempt01.log
5ad54a23b3fd9156-r05,ClusterRT_LRC,success,,1,bandwidth,k8_l2_g2,8,2,2,1048576,1000,10,0.5,5,95.521,0.122682,1,500,500,15.3952,11.5639,17.7832,29.3484,2026-09-17T18:28:41.383876+00:00,2026-09-17T18:31:58.886675+00:00,/users/gxt/DdlRT--LRC/experiments/results/logs/5ad54a23b3fd9156-r05-attempt01.log
5ad54a23b3fd9156-r05,ClusterRT_LRC,success,,1,bandwidth,k8_l2_g2,8,2,2,1048576,1000,10,0.5,5,95.521,0.122682,2,250,250,13.1212,4.79364,13.3459,21.4792,2026-09-17T18:28:41.383876+00:00,2026-09-17T18:31:58.886675+00:00,/users/gxt/DdlRT--LRC/experiments/results/logs/5ad54a23b3fd9156-r05-attempt01.log
2b13d49f025fb5a9-r01,ClusterRT_LRC,success,,1,bandwidth,k8_l2_g2,8,2,2,1048576,1000,10,2,1,96.5131,0.121421,1,500,500,11.2499,11.1062,13.6389,25.2224,2026-09-17T18:32:01.860827+00:00,2026-09-17T18:35:09.314507+00:00,/users/gxt/DdlRT--LRC/experiments/results/logs/2b13d49f025fb5a9-r01-attempt01.log
2b13d49f025fb5a9-r01,ClusterRT_LRC,success,,1,bandwidth,k8_l2_g2,8,2,2,1048576,1000,10,2,1,96.5131,0.121421,2,250,250,6.44533,4.57255,6.55591,14.5838,2026-09-17T18:32:01.860827+00:00,2026-09-17T18:35:09.314507+00:00,/users/gxt/DdlRT--LRC/experiments/results/logs/2b13d49f025fb5a9-r01-attempt01.log
2b13d49f025fb5a9-r02,ClusterRT_LRC,success,,1,bandwidth,k8_l2_g2,8,2,2,1048576,1000,10,2,2,96.3849,0.121583,1,500,500,11.2604,11.2729,13.7023,25.1246,2026-09-17T18:35:12.240293+00:00,2026-09-17T18:38:20.045894+00:00,/users/gxt/DdlRT--LRC/experiments/results/logs/2b13d49f025fb5a9-r02-attempt01.log
2b13d49f025fb5a9-r02,ClusterRT_LRC,success,,1,bandwidth,k8_l2_g2,8,2,2,1048576,1000,10,2,2,96.3849,0.121583,2,250,250,6.51431,4.544,6.62355,14.68,2026-09-17T18:35:12.240293+00:00,2026-09-17T18:38:20.045894+00:00,/users/gxt/DdlRT--LRC/experiments/results/logs/2b13d49f025fb5a9-r02-attempt01.log
2b13d49f025fb5a9-r03,ClusterRT_LRC,success,,1,bandwidth,k8_l2_g2,8,2,2,1048576,1000,10,2,3,96.0458,0.122012,1,500,500,11.24,11.2285,13.7034,25.1618,2026-09-17T18:38:22.931246+00:00,2026-09-17T18:41:29.434609+00:00,/users/gxt/DdlRT--LRC/experiments/results/logs/2b13d49f025fb5a9-r03-attempt01.log
2b13d49f025fb5a9-r03,ClusterRT_LRC,success,,1,bandwidth,k8_l2_g2,8,2,2,1048576,1000,10,2,3,96.0458,0.122012,2,250,250,6.49333,4.57278,6.61883,14.6895,2026-09-17T18:38:22.931246+00:00,2026-09-17T18:41:29.434609+00:00,/users/gxt/DdlRT--LRC/experiments/results/logs/2b13d49f025fb5a9-r03-attempt01.log
2b13d49f025fb5a9-r04,ClusterRT_LRC,success,,2,bandwidth,k8_l2_g2,8,2,2,1048576,1000,10,2,4,94.297,0.124275,1,500,500,11.2671,11.1728,13.6989,25.174,2026-09-17T18:43:47.592944+00:00,2026-09-17T18:46:53.163575+00:00,/users/gxt/DdlRT--LRC/experiments/results/logs/2b13d49f025fb5a9-r04-attempt02.log
2b13d49f025fb5a9-r04,ClusterRT_LRC,success,,2,bandwidth,k8_l2_g2,8,2,2,1048576,1000,10,2,4,94.297,0.124275,2,250,250,6.45801,4.58245,6.57735,14.6397,2026-09-17T18:43:47.592944+00:00,2026-09-17T18:46:53.163575+00:00,/users/gxt/DdlRT--LRC/experiments/results/logs/2b13d49f025fb5a9-r04-attempt02.log
2b13d49f025fb5a9-r05,ClusterRT_LRC,success,,2,bandwidth,k8_l2_g2,8,2,2,1048576,1000,10,2,5,94.1521,0.124466,1,500,500,11.2288,11.2159,13.6445,25.0948,2026-09-17T18:48:17.156089+00:00,2026-09-17T18:51:22.101784+00:00,/users/gxt/DdlRT--LRC/experiments/results/logs/2b13d49f025fb5a9-r05-attempt02.log
2b13d49f025fb5a9-r05,ClusterRT_LRC,success,,2,bandwidth,k8_l2_g2,8,2,2,1048576,1000,10,2,5,94.1521,0.124466,2,250,250,6.42397,4.59322,6.57168,14.6518,2026-09-17T18:48:17.156089+00:00,2026-09-17T18:51:22.101784+00:00,/users/gxt/DdlRT--LRC/experiments/results/logs/2b13d49f025fb5a9-r05-attempt02.log
c5805df85b05368f-r01,ClusterRT_LRC,success,,1,bandwidth,k8_l2_g2,8,2,2,1048576,1000,10,5,1,93.695,0.125073,1,500,500,10.6286,11.1644,13.203,24.5828,2026-09-17T18:51:25.003399+00:00,2026-09-17T18:54:28.537085+00:00,/users/gxt/DdlRT--LRC/experiments/results/logs/c5805df85b05368f-r01-attempt01.log
c5805df85b05368f-r01,ClusterRT_LRC,success,,1,bandwidth,k8_l2_g2,8,2,2,1048576,1000,10,5,1,93.695,0.125073,2,250,250,5.59449,4.51315,5.74732,13.7315,2026-09-17T18:51:25.003399+00:00,2026-09-17T18:54:28.537085+00:00,/users/gxt/DdlRT--LRC/experiments/results/logs/c5805df85b05368f-r01-attempt01.log
c5805df85b05368f-r02,ClusterRT_LRC,success,,1,bandwidth,k8_l2_g2,8,2,2,1048576,1000,10,5,2,94.5562,0.123934,1,500,500,10.6756,11.1802,13.2956,24.787,2026-09-17T18:54:31.666770+00:00,2026-09-17T18:57:36.183104+00:00,/users/gxt/DdlRT--LRC/experiments/results/logs/c5805df85b05368f-r02-attempt01.log
c5805df85b05368f-r02,ClusterRT_LRC,success,,1,bandwidth,k8_l2_g2,8,2,2,1048576,1000,10,5,2,94.5562,0.123934,2,250,250,5.60054,4.49792,5.73341,13.802,2026-09-17T18:54:31.666770+00:00,2026-09-17T18:57:36.183104+00:00,/users/gxt/DdlRT--LRC/experiments/results/logs/c5805df85b05368f-r02-attempt01.log
c5805df85b05368f-r03,ClusterRT_LRC,success,,1,bandwidth,k8_l2_g2,8,2,2,1048576,1000,10,5,3,94.5543,0.123937,1,500,500,10.5945,11.2211,13.2559,24.6795,2026-09-17T18:57:39.270106+00:00,2026-09-17T19:00:43.717385+00:00,/users/gxt/DdlRT--LRC/experiments/results/logs/c5805df85b05368f-r03-attempt01.log
c5805df85b05368f-r03,ClusterRT_LRC,success,,1,bandwidth,k8_l2_g2,8,2,2,1048576,1000,10,5,3,94.5543,0.123937,2,250,250,5.60043,4.52719,5.7443,13.7774,2026-09-17T18:57:39.270106+00:00,2026-09-17T19:00:43.717385+00:00,/users/gxt/DdlRT--LRC/experiments/results/logs/c5805df85b05368f-r03-attempt01.log
c5805df85b05368f-r04,ClusterRT_LRC,success,,1,bandwidth,k8_l2_g2,8,2,2,1048576,1000,10,5,4,96.1024,0.12194,1,500,500,10.6685,11.2503,13.2863,24.7855,2026-09-17T19:00:46.874079+00:00,2026-09-17T19:03:52.484488+00:00,/users/gxt/DdlRT--LRC/experiments/results/logs/c5805df85b05368f-r04-attempt01.log
c5805df85b05368f-r04,ClusterRT_LRC,success,,1,bandwidth,k8_l2_g2,8,2,2,1048576,1000,10,5,4,96.1024,0.12194,2,250,250,5.61164,4.49361,5.74889,13.8035,2026-09-17T19:00:46.874079+00:00,2026-09-17T19:03:52.484488+00:00,/users/gxt/DdlRT--LRC/experiments/results/logs/c5805df85b05368f-r04-attempt01.log
c5805df85b05368f-r05,ClusterRT_LRC,success,,1,bandwidth,k8_l2_g2,8,2,2,1048576,1000,10,5,5,95.936,0.122152,1,500,500,10.7541,11.2184,13.3518,24.9653,2026-09-17T19:03:55.570057+00:00,2026-09-17T19:07:01.237748+00:00,/users/gxt/DdlRT--LRC/experiments/results/logs/c5805df85b05368f-r05-attempt01.log
c5805df85b05368f-r05,ClusterRT_LRC,success,,1,bandwidth,k8_l2_g2,8,2,2,1048576,1000,10,5,5,95.936,0.122152,2,250,250,5.58412,4.39295,5.72749,13.7686,2026-09-17T19:03:55.570057+00:00,2026-09-17T19:07:01.237748+00:00,/users/gxt/DdlRT--LRC/experiments/results/logs/c5805df85b05368f-r05-attempt01.log
cf8f11af98125861-r01,ClusterRT_LRC,success,,1,bandwidth,k8_l2_g2,8,2,2,1048576,1000,10,10,1,93.7378,0.125016,1,500,500,10.53,11.0662,13.109,24.7623,2026-09-17T19:07:04.132410+00:00,2026-09-17T19:10:07.387266+00:00,/users/gxt/DdlRT--LRC/experiments/results/logs/cf8f11af98125861-r01-attempt01.log
cf8f11af98125861-r01,ClusterRT_LRC,success,,1,bandwidth,k8_l2_g2,8,2,2,1048576,1000,10,10,1,93.7378,0.125016,2,250,250,5.45776,4.48773,5.61438,13.6039,2026-09-17T19:07:04.132410+00:00,2026-09-17T19:10:07.387266+00:00,/users/gxt/DdlRT--LRC/experiments/results/logs/cf8f11af98125861-r01-attempt01.log
cf8f11af98125861-r02,ClusterRT_LRC,success,,1,bandwidth,k8_l2_g2,8,2,2,1048576,1000,10,10,2,95.0299,0.123316,1,500,500,10.5055,11.225,13.2435,24.6432,2026-09-17T19:10:10.571106+00:00,2026-09-17T19:13:14.589541+00:00,/users/gxt/DdlRT--LRC/experiments/results/logs/cf8f11af98125861-r02-attempt01.log
cf8f11af98125861-r02,ClusterRT_LRC,success,,1,bandwidth,k8_l2_g2,8,2,2,1048576,1000,10,10,2,95.0299,0.123316,2,250,250,5.48097,4.47434,5.63088,13.6346,2026-09-17T19:10:10.571106+00:00,2026-09-17T19:13:14.589541+00:00,/users/gxt/DdlRT--LRC/experiments/results/logs/cf8f11af98125861-r02-attempt01.log
cf8f11af98125861-r03,ClusterRT_LRC,success,,2,bandwidth,k8_l2_g2,8,2,2,1048576,1000,10,10,3,92.7057,0.126408,1,500,500,10.523,11.1367,13.1436,24.8303,2026-09-17T19:15:26.749791+00:00,2026-09-17T19:18:29.951269+00:00,/users/gxt/DdlRT--LRC/experiments/results/logs/cf8f11af98125861-r03-attempt02.log
cf8f11af98125861-r03,ClusterRT_LRC,success,,2,bandwidth,k8_l2_g2,8,2,2,1048576,1000,10,10,3,92.7057,0.126408,2,250,250,5.4749,4.46064,5.62379,13.6398,2026-09-17T19:15:26.749791+00:00,2026-09-17T19:18:29.951269+00:00,/users/gxt/DdlRT--LRC/experiments/results/logs/cf8f11af98125861-r03-attempt02.log
cf8f11af98125861-r04,ClusterRT_LRC,success,,2,bandwidth,k8_l2_g2,8,2,2,1048576,1000,10,10,4,94.2865,0.124289,1,500,500,10.5749,11.2286,13.1483,24.5878,2026-09-17T19:20:12.441173+00:00,2026-09-17T19:23:16.088843+00:00,/users/gxt/DdlRT--LRC/experiments/results/logs/cf8f11af98125861-r04-attempt02.log
cf8f11af98125861-r04,ClusterRT_LRC,success,,2,bandwidth,k8_l2_g2,8,2,2,1048576,1000,10,10,4,94.2865,0.124289,2,250,250,5.46772,4.45631,5.64021,13.6337,2026-09-17T19:20:12.441173+00:00,2026-09-17T19:23:16.088843+00:00,/users/gxt/DdlRT--LRC/experiments/results/logs/cf8f11af98125861-r04-attempt02.log
cf8f11af98125861-r05,ClusterRT_LRC,success,,1,bandwidth,k8_l2_g2,8,2,2,1048576,1000,10,10,5,92.7696,0.126321,1,500,500,10.6079,11.216,13.2416,24.6183,2026-09-17T19:23:19.183971+00:00,2026-09-17T19:26:21.379142+00:00,/users/gxt/DdlRT--LRC/experiments/results/logs/cf8f11af98125861-r05-attempt01.log
cf8f11af98125861-r05,ClusterRT_LRC,success,,1,bandwidth,k8_l2_g2,8,2,2,1048576,1000,10,10,5,92.7696,0.126321,2,250,250,5.44201,4.45072,5.59463,13.6069,2026-09-17T19:23:19.183971+00:00,2026-09-17T19:26:21.379142+00:00,/users/gxt/DdlRT--LRC/experiments/results/logs/cf8f11af98125861-r05-attempt01.log
6855d11544cf27ef-r01,ClusterRT_LRC,success,,1,stripes,k8_l2_g2,8,2,2,1048576,500,10,1,1,47.8327,0.122497,1,250,250,6.64499,6.33834,7.70015,13.4746,2026-09-17T19:26:24.290056+00:00,2026-09-17T19:28:25.773724+00:00,/users/gxt/DdlRT--LRC/experiments/results/logs/6855d11544cf27ef-r01-attempt01.log
6855d11544cf27ef-r01,ClusterRT_LRC,success,,1,stripes,k8_l2_g2,8,2,2,1048576,500,10,1,1,47.8327,0.122497,2,125,125,4.53856,2.77509,4.69849,8.73178,2026-09-17T19:26:24.290056+00:00,2026-09-17T19:28:25.773724+00:00,/users/gxt/DdlRT--LRC/experiments/results/logs/6855d11544cf27ef-r01-attempt01.log
6855d11544cf27ef-r02,ClusterRT_LRC,success,,1,stripes,k8_l2_g2,8,2,2,1048576,500,10,1,2,46.6901,0.125495,1,250,250,6.67046,6.34273,7.69989,13.496,2026-09-17T19:28:28.484947+00:00,2026-09-17T19:30:28.504074+00:00,/users/gxt/DdlRT--LRC/experiments/results/logs/6855d11544cf27ef-r02-attempt01.log
6855d11544cf27ef-r02,ClusterRT_LRC,success,,1,stripes,k8_l2_g2,8,2,2,1048576,500,10,1,2,46.6901,0.125495,2,125,125,4.52617,2.75899,4.65239,8.67283,2026-09-17T19:28:28.484947+00:00,2026-09-17T19:30:28.504074+00:00,/users/gxt/DdlRT--LRC/experiments/results/logs/6855d11544cf27ef-r02-attempt01.log
6855d11544cf27ef-r03,ClusterRT_LRC,success,,1,stripes,k8_l2_g2,8,2,2,1048576,500,10,1,3,47.606,0.123081,1,250,250,6.67247,6.40689,7.72992,13.5451,2026-09-17T19:30:31.190822+00:00,2026-09-17T19:32:32.741341+00:00,/users/gxt/DdlRT--LRC/experiments/results/logs/6855d11544cf27ef-r03-attempt01.log
6855d11544cf27ef-r03,ClusterRT_LRC,success,,1,stripes,k8_l2_g2,8,2,2,1048576,500,10,1,3,47.606,0.123081,2,125,125,4.57107,2.69912,4.69591,8.74511,2026-09-17T19:30:31.190822+00:00,2026-09-17T19:32:32.741341+00:00,/users/gxt/DdlRT--LRC/experiments/results/logs/6855d11544cf27ef-r03-attempt01.log
6855d11544cf27ef-r04,ClusterRT_LRC,success,,1,stripes,k8_l2_g2,8,2,2,1048576,500,10,1,4,46.8782,0.124991,1,250,250,6.66982,6.43375,7.78087,13.5714,2026-09-17T19:32:35.436826+00:00,2026-09-17T19:34:35.631674+00:00,/users/gxt/DdlRT--LRC/experiments/results/logs/6855d11544cf27ef-r04-attempt01.log
6855d11544cf27ef-r04,ClusterRT_LRC,success,,1,stripes,k8_l2_g2,8,2,2,1048576,500,10,1,4,46.8782,0.124991,2,125,125,4.55233,2.80854,4.69669,8.75588,2026-09-17T19:32:35.436826+00:00,2026-09-17T19:34:35.631674+00:00,/users/gxt/DdlRT--LRC/experiments/results/logs/6855d11544cf27ef-r04-attempt01.log
6855d11544cf27ef-r05,ClusterRT_LRC,success,,1,stripes,k8_l2_g2,8,2,2,1048576,500,10,1,5,47.3214,0.123821,1,250,250,6.66144,6.36791,7.73419,13.4762,2026-09-17T19:34:38.347453+00:00,2026-09-17T19:36:39.003698+00:00,/users/gxt/DdlRT--LRC/experiments/results/logs/6855d11544cf27ef-r05-attempt01.log
6855d11544cf27ef-r05,ClusterRT_LRC,success,,1,stripes,k8_l2_g2,8,2,2,1048576,500,10,1,5,47.3214,0.123821,2,125,125,4.54907,2.74424,4.68573,8.70473,2026-09-17T19:34:38.347453+00:00,2026-09-17T19:36:39.003698+00:00,/users/gxt/DdlRT--LRC/experiments/results/logs/6855d11544cf27ef-r05-attempt01.log
7580e21b59f37fc9-r01,ClusterRT_LRC,success,,1,stripes,k8_l2_g2,8,2,2,1048576,1500,10,1,1,141.63,0.124113,1,750,750,19.4514,15.5727,23.2067,40.9102,2026-09-17T19:36:41.747814+00:00,2026-09-17T19:41:00.912975+00:00,/users/gxt/DdlRT--LRC/experiments/results/logs/7580e21b59f37fc9-r01-attempt01.log
7580e21b59f37fc9-r01,ClusterRT_LRC,success,,1,stripes,k8_l2_g2,8,2,2,1048576,1500,10,1,1,141.63,0.124113,2,375,375,12.7467,6.32687,12.7886,25.1705,2026-09-17T19:36:41.747814+00:00,2026-09-17T19:41:00.912975+00:00,/users/gxt/DdlRT--LRC/experiments/results/logs/7580e21b59f37fc9-r01-attempt01.log
7580e21b59f37fc9-r02,ClusterRT_LRC,success,,1,stripes,k8_l2_g2,8,2,2,1048576,1500,10,1,2,143.137,0.122806,1,750,750,19.3972,15.4849,23.1035,40.8531,2026-09-17T19:41:04.233543+00:00,2026-09-17T19:45:24.940987+00:00,/users/gxt/DdlRT--LRC/experiments/results/logs/7580e21b59f37fc9-r02-attempt01.log
7580e21b59f37fc9-r02,ClusterRT_LRC,success,,1,stripes,k8_l2_g2,8,2,2,1048576,1500,10,1,2,143.137,0.122806,2,375,375,12.8063,6.37066,12.876,25.2136,2026-09-17T19:41:04.233543+00:00,2026-09-17T19:45:24.940987+00:00,/users/gxt/DdlRT--LRC/experiments/results/logs/7580e21b59f37fc9-r02-attempt01.log
7580e21b59f37fc9-r03,ClusterRT_LRC,success,,1,stripes,k8_l2_g2,8,2,2,1048576,1500,10,1,3,140.737,0.124901,1,750,750,19.4237,15.6608,23.21,40.9464,2026-09-17T19:45:28.021254+00:00,2026-09-17T19:49:46.395993+00:00,/users/gxt/DdlRT--LRC/experiments/results/logs/7580e21b59f37fc9-r03-attempt01.log
7580e21b59f37fc9-r03,ClusterRT_LRC,success,,1,stripes,k8_l2_g2,8,2,2,1048576,1500,10,1,3,140.737,0.124901,2,375,375,12.8541,6.36404,12.9271,25.2983,2026-09-17T19:45:28.021254+00:00,2026-09-17T19:49:46.395993+00:00,/users/gxt/DdlRT--LRC/experiments/results/logs/7580e21b59f37fc9-r03-attempt01.log
7580e21b59f37fc9-r04,ClusterRT_LRC,success,,1,stripes,k8_l2_g2,8,2,2,1048576,1500,10,1,4,140.722,0.124914,1,750,750,19.3247,15.5408,23.0935,40.747,2026-09-17T19:49:49.838507+00:00,2026-09-17T19:54:08.258719+00:00,/users/gxt/DdlRT--LRC/experiments/results/logs/7580e21b59f37fc9-r04-attempt01.log
7580e21b59f37fc9-r04,ClusterRT_LRC,success,,1,stripes,k8_l2_g2,8,2,2,1048576,1500,10,1,4,140.722,0.124914,2,375,375,12.819,6.27695,12.8734,25.3044,2026-09-17T19:49:49.838507+00:00,2026-09-17T19:54:08.258719+00:00,/users/gxt/DdlRT--LRC/experiments/results/logs/7580e21b59f37fc9-r04-attempt01.log
7580e21b59f37fc9-r05,ClusterRT_LRC,success,,1,stripes,k8_l2_g2,8,2,2,1048576,1500,10,1,5,141.593,0.124146,1,750,750,19.4877,15.628,23.2352,41.1981,2026-09-17T19:54:11.407498+00:00,2026-09-17T19:58:30.836599+00:00,/users/gxt/DdlRT--LRC/experiments/results/logs/7580e21b59f37fc9-r05-attempt01.log
7580e21b59f37fc9-r05,ClusterRT_LRC,success,,1,stripes,k8_l2_g2,8,2,2,1048576,1500,10,1,5,141.593,0.124146,2,375,375,12.7542,6.31288,12.8151,25.1217,2026-09-17T19:54:11.407498+00:00,2026-09-17T19:58:30.836599+00:00,/users/gxt/DdlRT--LRC/experiments/results/logs/7580e21b59f37fc9-r05-attempt01.log
ce7df006e792d2c4-r01,ClusterRT_LRC,success,,1,stripes,k8_l2_g2,8,2,2,1048576,2000,10,1,1,188.97,0.124027,1,1000,1000,26.3182,19.6052,32.0318,56.6526,2026-09-17T19:58:33.919578+00:00,2026-09-17T20:04:04.311491+00:00,/users/gxt/DdlRT--LRC/experiments/results/logs/ce7df006e792d2c4-r01-attempt01.log
ce7df006e792d2c4-r01,ClusterRT_LRC,success,,1,stripes,k8_l2_g2,8,2,2,1048576,2000,10,1,1,188.97,0.124027,2,500,500,16.8882,8.50324,16.9726,33.8121,2026-09-17T19:58:33.919578+00:00,2026-09-17T20:04:04.311491+00:00,/users/gxt/DdlRT--LRC/experiments/results/logs/ce7df006e792d2c4-r01-attempt01.log
ce7df006e792d2c4-r02,ClusterRT_LRC,success,,1,stripes,k8_l2_g2,8,2,2,1048576,2000,10,1,2,189.497,0.123682,1,1000,1000,26.4006,19.7767,32.1764,57.2046,2026-09-17T20:04:07.622973+00:00,2026-09-17T20:09:39.107378+00:00,/users/gxt/DdlRT--LRC/experiments/results/logs/ce7df006e792d2c4-r02-attempt01.log
ce7df006e792d2c4-r02,ClusterRT_LRC,success,,1,stripes,k8_l2_g2,8,2,2,1048576,2000,10,1,2,189.497,0.123682,2,500,500,16.8171,8.42982,16.9155,33.4024,2026-09-17T20:04:07.622973+00:00,2026-09-17T20:09:39.107378+00:00,/users/gxt/DdlRT--LRC/experiments/results/logs/ce7df006e792d2c4-r02-attempt01.log
ce7df006e792d2c4-r03,ClusterRT_LRC,success,,2,stripes,k8_l2_g2,8,2,2,1048576,2000,10,1,3,188.372,0.124421,1,1000,1000,26.3565,19.5429,32.077,56.3866,2026-09-17T20:12:31.928585+00:00,2026-09-17T20:18:01.360619+00:00,/users/gxt/DdlRT--LRC/experiments/results/logs/ce7df006e792d2c4-r03-attempt02.log
ce7df006e792d2c4-r03,ClusterRT_LRC,success,,2,stripes,k8_l2_g2,8,2,2,1048576,2000,10,1,3,188.372,0.124421,2,500,500,16.8058,8.44376,16.9118,33.2854,2026-09-17T20:12:31.928585+00:00,2026-09-17T20:18:01.360619+00:00,/users/gxt/DdlRT--LRC/experiments/results/logs/ce7df006e792d2c4-r03-attempt02.log
ce7df006e792d2c4-r04,ClusterRT_LRC,success,,1,stripes,k8_l2_g2,8,2,2,1048576,2000,10,1,4,192.418,0.121805,1,1000,1000,26.3098,19.5777,32.0593,56.4748,2026-09-17T20:18:04.613662+00:00,2026-09-17T20:23:37.385476+00:00,/users/gxt/DdlRT--LRC/experiments/results/logs/ce7df006e792d2c4-r04-attempt01.log
ce7df006e792d2c4-r04,ClusterRT_LRC,success,,1,stripes,k8_l2_g2,8,2,2,1048576,2000,10,1,4,192.418,0.121805,2,500,500,16.7917,8.41277,16.8879,33.2865,2026-09-17T20:18:04.613662+00:00,2026-09-17T20:23:37.385476+00:00,/users/gxt/DdlRT--LRC/experiments/results/logs/ce7df006e792d2c4-r04-attempt01.log
ce7df006e792d2c4-r05,ClusterRT_LRC,success,,2,stripes,k8_l2_g2,8,2,2,1048576,2000,10,1,5,189.725,0.123534,1,1000,1000,26.4847,19.8572,32.3077,56.6482,2026-09-17T20:25:59.011021+00:00,2026-09-17T20:31:30.298600+00:00,/users/gxt/DdlRT--LRC/experiments/results/logs/ce7df006e792d2c4-r05-attempt02.log
ce7df006e792d2c4-r05,ClusterRT_LRC,success,,2,stripes,k8_l2_g2,8,2,2,1048576,2000,10,1,5,189.725,0.123534,2,500,500,16.8349,8.42596,16.9096,33.425,2026-09-17T20:25:59.011021+00:00,2026-09-17T20:31:30.298600+00:00,/users/gxt/DdlRT--LRC/experiments/results/logs/ce7df006e792d2c4-r05-attempt02.log
6ee5dff12123e3b1-r01,ClusterRT_LRC,success,,1,block_size,k8_l2_g2,8,2,2,262144,1000,10,1,1,31.3972,0.0933103,1,500,500,6.01717,6.0151,7.36122,17.2599,2026-09-17T20:31:33.651692+00:00,2026-09-17T20:33:24.492854+00:00,/users/gxt/DdlRT--LRC/experiments/results/logs/6ee5dff12123e3b1-r01-attempt01.log
6ee5dff12123e3b1-r01,ClusterRT_LRC,success,,1,block_size,k8_l2_g2,8,2,2,262144,1000,10,1,1,31.3972,0.0933103,2,250,250,3.90654,2.1465,3.94146,10.9689,2026-09-17T20:31:33.651692+00:00,2026-09-17T20:33:24.492854+00:00,/users/gxt/DdlRT--LRC/experiments/results/logs/6ee5dff12123e3b1-r01-attempt01.log
6ee5dff12123e3b1-r02,ClusterRT_LRC,success,,1,block_size,k8_l2_g2,8,2,2,262144,1000,10,1,2,31.4515,0.0931494,1,500,500,6.0188,6.04387,7.39186,17.3311,2026-09-17T20:33:27.102946+00:00,2026-09-17T20:35:17.864388+00:00,/users/gxt/DdlRT--LRC/experiments/results/logs/6ee5dff12123e3b1-r02-attempt01.log
6ee5dff12123e3b1-r02,ClusterRT_LRC,success,,1,block_size,k8_l2_g2,8,2,2,262144,1000,10,1,2,31.4515,0.0931494,2,250,250,3.90757,2.15266,3.94026,10.9371,2026-09-17T20:33:27.102946+00:00,2026-09-17T20:35:17.864388+00:00,/users/gxt/DdlRT--LRC/experiments/results/logs/6ee5dff12123e3b1-r02-attempt01.log
6ee5dff12123e3b1-r03,ClusterRT_LRC,success,,1,block_size,k8_l2_g2,8,2,2,262144,1000,10,1,3,30.8888,0.0948464,1,500,500,5.99956,5.99676,7.34312,17.3702,2026-09-17T20:35:20.462394+00:00,2026-09-17T20:37:11.214338+00:00,/users/gxt/DdlRT--LRC/experiments/results/logs/6ee5dff12123e3b1-r03-attempt01.log
6ee5dff12123e3b1-r03,ClusterRT_LRC,success,,1,block_size,k8_l2_g2,8,2,2,262144,1000,10,1,3,30.8888,0.0948464,2,250,250,3.90898,2.15613,3.94123,10.9444,2026-09-17T20:35:20.462394+00:00,2026-09-17T20:37:11.214338+00:00,/users/gxt/DdlRT--LRC/experiments/results/logs/6ee5dff12123e3b1-r03-attempt01.log
6ee5dff12123e3b1-r04,ClusterRT_LRC,success,,1,block_size,k8_l2_g2,8,2,2,262144,1000,10,1,4,30.3371,0.0965712,1,500,500,5.9891,6.00426,7.33092,17.1752,2026-09-17T20:37:13.808136+00:00,2026-09-17T20:39:03.380135+00:00,/users/gxt/DdlRT--LRC/experiments/results/logs/6ee5dff12123e3b1-r04-attempt01.log
6ee5dff12123e3b1-r04,ClusterRT_LRC,success,,1,block_size,k8_l2_g2,8,2,2,262144,1000,10,1,4,30.3371,0.0965712,2,250,250,3.90093,2.15281,3.93727,10.8939,2026-09-17T20:37:13.808136+00:00,2026-09-17T20:39:03.380135+00:00,/users/gxt/DdlRT--LRC/experiments/results/logs/6ee5dff12123e3b1-r04-attempt01.log
6ee5dff12123e3b1-r05,ClusterRT_LRC,success,,1,block_size,k8_l2_g2,8,2,2,262144,1000,10,1,5,30.8631,0.0949253,1,500,500,6.00997,6.02359,7.37432,17.3402,2026-09-17T20:39:05.963505+00:00,2026-09-17T20:40:56.128142+00:00,/users/gxt/DdlRT--LRC/experiments/results/logs/6ee5dff12123e3b1-r05-attempt01.log
6ee5dff12123e3b1-r05,ClusterRT_LRC,success,,1,block_size,k8_l2_g2,8,2,2,262144,1000,10,1,5,30.8631,0.0949253,2,250,250,3.87812,2.15838,3.90738,10.8744,2026-09-17T20:39:05.963505+00:00,2026-09-17T20:40:56.128142+00:00,/users/gxt/DdlRT--LRC/experiments/results/logs/6ee5dff12123e3b1-r05-attempt01.log
41f16e63231eb50d-r01,ClusterRT_LRC,success,,2,block_size,k8_l2_g2,8,2,2,524288,1000,10,1,1,50.8538,0.11522,1,500,500,8.07383,7.8804,9.77972,20.4095,2026-09-17T20:41:52.225824+00:00,2026-09-17T20:44:07.712259+00:00,/users/gxt/DdlRT--LRC/experiments/results/logs/41f16e63231eb50d-r01-attempt02.log
41f16e63231eb50d-r01,ClusterRT_LRC,success,,2,block_size,k8_l2_g2,8,2,2,524288,1000,10,1,1,50.8538,0.11522,2,250,250,5.38327,2.96928,5.46369,12.8226,2026-09-17T20:41:52.225824+00:00,2026-09-17T20:44:07.712259+00:00,/users/gxt/DdlRT--LRC/experiments/results/logs/41f16e63231eb50d-r01-attempt02.log
41f16e63231eb50d-r02,ClusterRT_LRC,success,,1,block_size,k8_l2_g2,8,2,2,524288,1000,10,1,2,51.5167,0.113737,1,500,500,8.10111,7.87902,9.81087,20.2108,2026-09-17T20:44:10.443441+00:00,2026-09-17T20:46:26.230555+00:00,/users/gxt/DdlRT--LRC/experiments/results/logs/41f16e63231eb50d-r02-attempt01.log
41f16e63231eb50d-r02,ClusterRT_LRC,success,,1,block_size,k8_l2_g2,8,2,2,524288,1000,10,1,2,51.5167,0.113737,2,250,250,5.39198,2.96696,5.4605,12.8151,2026-09-17T20:44:10.443441+00:00,2026-09-17T20:46:26.230555+00:00,/users/gxt/DdlRT--LRC/experiments/results/logs/41f16e63231eb50d-r02-attempt01.log
41f16e63231eb50d-r03,ClusterRT_LRC,success,,1,block_size,k8_l2_g2,8,2,2,524288,1000,10,1,3,50.6134,0.115767,1,500,500,8.07996,7.91822,9.78485,20.2634,2026-09-17T20:46:29.064189+00:00,2026-09-17T20:48:44.460018+00:00,/users/gxt/DdlRT--LRC/experiments/results/logs/41f16e63231eb50d-r03-attempt01.log
41f16e63231eb50d-r03,ClusterRT_LRC,success,,1,block_size,k8_l2_g2,8,2,2,524288,1000,10,1,3,50.6134,0.115767,2,250,250,5.38247,2.97855,5.45949,12.9381,2026-09-17T20:46:29.064189+00:00,2026-09-17T20:48:44.460018+00:00,/users/gxt/DdlRT--LRC/experiments/results/logs/41f16e63231eb50d-r03-attempt01.log
41f16e63231eb50d-r04,ClusterRT_LRC,success,,1,block_size,k8_l2_g2,8,2,2,524288,1000,10,1,4,51.2579,0.114312,1,500,500,8.1045,7.96915,9.85263,20.3992,2026-09-17T20:48:47.187625+00:00,2026-09-17T20:51:03.095351+00:00,/users/gxt/DdlRT--LRC/experiments/results/logs/41f16e63231eb50d-r04-attempt01.log
41f16e63231eb50d-r04,ClusterRT_LRC,success,,1,block_size,k8_l2_g2,8,2,2,524288,1000,10,1,4,51.2579,0.114312,2,250,250,5.3678,2.98597,5.44554,12.8033,2026-09-17T20:48:47.187625+00:00,2026-09-17T20:51:03.095351+00:00,/users/gxt/DdlRT--LRC/experiments/results/logs/41f16e63231eb50d-r04-attempt01.log
41f16e63231eb50d-r05,ClusterRT_LRC,success,,1,block_size,k8_l2_g2,8,2,2,524288,1000,10,1,5,50.5476,0.115918,1,500,500,8.08117,7.87694,9.79772,20.3633,2026-09-17T20:51:05.804028+00:00,2026-09-17T20:53:20.662152+00:00,/users/gxt/DdlRT--LRC/experiments/results/logs/41f16e63231eb50d-r05-attempt01.log
41f16e63231eb50d-r05,ClusterRT_LRC,success,,1,block_size,k8_l2_g2,8,2,2,524288,1000,10,1,5,50.5476,0.115918,2,250,250,5.40477,2.99825,5.47608,12.8908,2026-09-17T20:51:05.804028+00:00,2026-09-17T20:53:20.662152+00:00,/users/gxt/DdlRT--LRC/experiments/results/logs/41f16e63231eb50d-r05-attempt01.log
b105d73bcd45fb03-r01,ClusterRT_LRC,success,,1,block_size,k8_l2_g2,8,2,2,2097152,1000,10,1,1,187.157,0.125229,1,500,500,21.9878,17.9091,25.8236,39.0622,2026-09-17T20:53:23.515965+00:00,2026-09-17T20:58:25.674338+00:00,/users/gxt/DdlRT--LRC/experiments/results/logs/b105d73bcd45fb03-r01-attempt01.log
b105d73bcd45fb03-r01,ClusterRT_LRC,success,,1,block_size,k8_l2_g2,8,2,2,2097152,1000,10,1,1,187.157,0.125229,2,250,250,15.0206,8.09457,15.4088,24.7845,2026-09-17T20:53:23.515965+00:00,2026-09-17T20:58:25.674338+00:00,/users/gxt/DdlRT--LRC/experiments/results/logs/b105d73bcd45fb03-r01-attempt01.log
b105d73bcd45fb03-r02,ClusterRT_LRC,success,,1,block_size,k8_l2_g2,8,2,2,2097152,1000,10,1,2,184.725,0.126878,1,500,500,21.9219,18.1489,25.8792,39.18,2026-09-17T20:58:28.884634+00:00,2026-09-17T21:03:28.804102+00:00,/users/gxt/DdlRT--LRC/experiments/results/logs/b105d73bcd45fb03-r02-attempt01.log
b105d73bcd45fb03-r02,ClusterRT_LRC,success,,1,block_size,k8_l2_g2,8,2,2,2097152,1000,10,1,2,184.725,0.126878,2,250,250,15.0402,8.1298,15.4275,24.7451,2026-09-17T20:58:28.884634+00:00,2026-09-17T21:03:28.804102+00:00,/users/gxt/DdlRT--LRC/experiments/results/logs/b105d73bcd45fb03-r02-attempt01.log
b105d73bcd45fb03-r03,ClusterRT_LRC,success,,1,block_size,k8_l2_g2,8,2,2,2097152,1000,10,1,3,183.784,0.127528,1,500,500,21.8807,18.1657,25.7308,39.2085,2026-09-17T21:03:32.089679+00:00,2026-09-17T21:08:30.857973+00:00,/users/gxt/DdlRT--LRC/experiments/results/logs/b105d73bcd45fb03-r03-attempt01.log
b105d73bcd45fb03-r03,ClusterRT_LRC,success,,1,block_size,k8_l2_g2,8,2,2,2097152,1000,10,1,3,183.784,0.127528,2,250,250,15.0138,8.00522,15.3973,24.7021,2026-09-17T21:03:32.089679+00:00,2026-09-17T21:08:30.857973+00:00,/users/gxt/DdlRT--LRC/experiments/results/logs/b105d73bcd45fb03-r03-attempt01.log
b105d73bcd45fb03-r04,ClusterRT_LRC,success,,1,block_size,k8_l2_g2,8,2,2,2097152,1000,10,1,4,189.474,0.123698,1,500,500,21.9752,17.869,25.7737,38.9771,2026-09-17T21:08:34.061523+00:00,2026-09-17T21:13:38.444405+00:00,/users/gxt/DdlRT--LRC/experiments/results/logs/b105d73bcd45fb03-r04-attempt01.log
b105d73bcd45fb03-r04,ClusterRT_LRC,success,,1,block_size,k8_l2_g2,8,2,2,2097152,1000,10,1,4,189.474,0.123698,2,250,250,14.9787,7.95767,15.3614,24.6623,2026-09-17T21:08:34.061523+00:00,2026-09-17T21:13:38.444405+00:00,/users/gxt/DdlRT--LRC/experiments/results/logs/b105d73bcd45fb03-r04-attempt01.log
b105d73bcd45fb03-r05,ClusterRT_LRC,success,,1,block_size,k8_l2_g2,8,2,2,2097152,1000,10,1,5,182.396,0.128498,1,500,500,21.9256,17.9617,25.7782,39.2643,2026-09-17T21:13:41.841466+00:00,2026-09-17T21:18:40.028710+00:00,/users/gxt/DdlRT--LRC/experiments/results/logs/b105d73bcd45fb03-r05-attempt01.log
b105d73bcd45fb03-r05,ClusterRT_LRC,success,,1,block_size,k8_l2_g2,8,2,2,2097152,1000,10,1,5,182.396,0.128498,2,250,250,15.0041,8.16139,15.382,24.8067,2026-09-17T21:13:41.841466+00:00,2026-09-17T21:18:40.028710+00:00,/users/gxt/DdlRT--LRC/experiments/results/logs/b105d73bcd45fb03-r05-attempt01.log
9e10937310aec33e-r01,ClusterRT_LRC,success,,1,block_size,k8_l2_g2,8,2,2,4194304,1000,10,1,1,379.222,0.123608,1,500,500,39.7338,31.7971,46.9264,63.2087,2026-09-17T21:18:43.364107+00:00,2026-09-17T21:27:37.484660+00:00,/users/gxt/DdlRT--LRC/experiments/results/logs/9e10937310aec33e-r01-attempt01.log
9e10937310aec33e-r01,ClusterRT_LRC,success,,1,block_size,k8_l2_g2,8,2,2,4194304,1000,10,1,1,379.222,0.123608,2,250,250,28.0204,15.2173,28.9347,40.4689,2026-09-17T21:18:43.364107+00:00,2026-09-17T21:27:37.484660+00:00,/users/gxt/DdlRT--LRC/experiments/results/logs/9e10937310aec33e-r01-attempt01.log
9e10937310aec33e-r02,ClusterRT_LRC,success,,1,block_size,k8_l2_g2,8,2,2,4194304,1000,10,1,2,380.178,0.123298,1,500,500,39.8857,31.6115,46.9859,63.4964,2026-09-17T21:27:41.387951+00:00,2026-09-17T21:36:37.331949+00:00,/users/gxt/DdlRT--LRC/experiments/results/logs/9e10937310aec33e-r02-attempt01.log
9e10937310aec33e-r02,ClusterRT_LRC,success,,1,block_size,k8_l2_g2,8,2,2,4194304,1000,10,1,2,380.178,0.123298,2,250,250,28.4252,15.1963,29.3481,40.9308,2026-09-17T21:27:41.387951+00:00,2026-09-17T21:36:37.331949+00:00,/users/gxt/DdlRT--LRC/experiments/results/logs/9e10937310aec33e-r02-attempt01.log
9e10937310aec33e-r03,ClusterRT_LRC,success,,1,block_size,k8_l2_g2,8,2,2,4194304,1000,10,1,3,372.786,0.125742,1,500,500,40.0796,31.5162,47.1345,63.6268,2026-09-17T21:36:41.375229+00:00,2026-09-17T21:45:29.329431+00:00,/users/gxt/DdlRT--LRC/experiments/results/logs/9e10937310aec33e-r03-attempt01.log
9e10937310aec33e-r03,ClusterRT_LRC,success,,1,block_size,k8_l2_g2,8,2,2,4194304,1000,10,1,3,372.786,0.125742,2,250,250,27.9137,15.1361,28.7582,40.2791,2026-09-17T21:36:41.375229+00:00,2026-09-17T21:45:29.329431+00:00,/users/gxt/DdlRT--LRC/experiments/results/logs/9e10937310aec33e-r03-attempt01.log
9e10937310aec33e-r04,ClusterRT_LRC,success,,1,block_size,k8_l2_g2,8,2,2,4194304,1000,10,1,4,370.4,0.126552,1,500,500,39.6989,31.9252,46.9393,63.1699,2026-09-17T21:45:33.265651+00:00,2026-09-17T21:54:18.973428+00:00,/users/gxt/DdlRT--LRC/experiments/results/logs/9e10937310aec33e-r04-attempt01.log
9e10937310aec33e-r04,ClusterRT_LRC,success,,1,block_size,k8_l2_g2,8,2,2,4194304,1000,10,1,4,370.4,0.126552,2,250,250,28.1335,15.2251,29.0157,40.5135,2026-09-17T21:45:33.265651+00:00,2026-09-17T21:54:18.973428+00:00,/users/gxt/DdlRT--LRC/experiments/results/logs/9e10937310aec33e-r04-attempt01.log
9e10937310aec33e-r05,ClusterRT_LRC,success,,1,block_size,k8_l2_g2,8,2,2,4194304,1000,10,1,5,377.511,0.124169,1,500,500,39.7914,31.7842,46.8776,63.2113,2026-09-17T21:54:22.827359+00:00,2026-09-17T22:03:15.532197+00:00,/users/gxt/DdlRT--LRC/experiments/results/logs/9e10937310aec33e-r05-attempt01.log
9e10937310aec33e-r05,ClusterRT_LRC,success,,1,block_size,k8_l2_g2,8,2,2,4194304,1000,10,1,5,377.511,0.124169,2,250,250,27.999,15.255,28.9749,40.5453,2026-09-17T21:54:22.827359+00:00,2026-09-17T22:03:15.532197+00:00,/users/gxt/DdlRT--LRC/experiments/results/logs/9e10937310aec33e-r05-attempt01.log
8c7ebd376a6cfdb8-r01,ClusterRT_LRC,success,,1,bandwidth;block_size;encoding;stripes,k10_l2_g3,10,2,3,1048576,1000,10,1,1,218.282,0.0671078,1,500,500,14.9638,11.4693,17.158,30.615,2026-09-17T22:03:19.392648+00:00,2026-09-17T22:08:40.004171+00:00,/users/gxt/DdlRT--LRC/experiments/results/logs/8c7ebd376a6cfdb8-r01-attempt01.log
8c7ebd376a6cfdb8-r01,ClusterRT_LRC,success,,1,bandwidth;block_size;encoding;stripes,k10_l2_g3,10,2,3,1048576,1000,10,1,1,218.282,0.0671078,2,250,250,10.9224,4.67537,11.0636,20.3772,2026-09-17T22:03:19.392648+00:00,2026-09-17T22:08:40.004171+00:00,/users/gxt/DdlRT--LRC/experiments/results/logs/8c7ebd376a6cfdb8-r01-attempt01.log
8c7ebd376a6cfdb8-r02,ClusterRT_LRC,success,,1,bandwidth;block_size;encoding;stripes,k10_l2_g3,10,2,3,1048576,1000,10,1,2,215.99,0.0678198,1,500,500,14.8469,11.4065,17.0356,30.4902,2026-09-17T22:08:43.144467+00:00,2026-09-17T22:14:01.199832+00:00,/users/gxt/DdlRT--LRC/experiments/results/logs/8c7ebd376a6cfdb8-r02-attempt01.log
8c7ebd376a6cfdb8-r02,ClusterRT_LRC,success,,1,bandwidth;block_size;encoding;stripes,k10_l2_g3,10,2,3,1048576,1000,10,1,2,215.99,0.0678198,2,250,250,10.9764,4.62362,11.1068,20.4573,2026-09-17T22:08:43.144467+00:00,2026-09-17T22:14:01.199832+00:00,/users/gxt/DdlRT--LRC/experiments/results/logs/8c7ebd376a6cfdb8-r02-attempt01.log
8c7ebd376a6cfdb8-r03,ClusterRT_LRC,success,,1,bandwidth;block_size;encoding;stripes,k10_l2_g3,10,2,3,1048576,1000,10,1,3,214.747,0.0682124,1,500,500,14.8694,11.4193,17.0619,30.467,2026-09-17T22:14:04.400385+00:00,2026-09-17T22:19:21.531926+00:00,/users/gxt/DdlRT--LRC/experiments/results/logs/8c7ebd376a6cfdb8-r03-attempt01.log
8c7ebd376a6cfdb8-r03,ClusterRT_LRC,success,,1,bandwidth;block_size;encoding;stripes,k10_l2_g3,10,2,3,1048576,1000,10,1,3,214.747,0.0682124,2,250,250,11.0091,4.67159,11.1561,20.4073,2026-09-17T22:14:04.400385+00:00,2026-09-17T22:19:21.531926+00:00,/users/gxt/DdlRT--LRC/experiments/results/logs/8c7ebd376a6cfdb8-r03-attempt01.log
8c7ebd376a6cfdb8-r04,ClusterRT_LRC,success,,1,bandwidth;block_size;encoding;stripes,k10_l2_g3,10,2,3,1048576,1000,10,1,4,215.262,0.0680495,1,500,500,14.8404,11.3992,17.0447,30.6456,2026-09-17T22:19:24.690243+00:00,2026-09-17T22:24:42.417711+00:00,/users/gxt/DdlRT--LRC/experiments/results/logs/8c7ebd376a6cfdb8-r04-attempt01.log
8c7ebd376a6cfdb8-r04,ClusterRT_LRC,success,,1,bandwidth;block_size;encoding;stripes,k10_l2_g3,10,2,3,1048576,1000,10,1,4,215.262,0.0680495,2,250,250,10.9321,4.65663,11.0795,20.4082,2026-09-17T22:19:24.690243+00:00,2026-09-17T22:24:42.417711+00:00,/users/gxt/DdlRT--LRC/experiments/results/logs/8c7ebd376a6cfdb8-r04-attempt01.log
8c7ebd376a6cfdb8-r05,ClusterRT_LRC,success,,1,bandwidth;block_size;encoding;stripes,k10_l2_g3,10,2,3,1048576,1000,10,1,5,222.796,0.0657481,1,500,500,14.9208,11.3818,17.0837,30.5262,2026-09-17T22:24:45.590956+00:00,2026-09-17T22:30:10.924888+00:00,/users/gxt/DdlRT--LRC/experiments/results/logs/8c7ebd376a6cfdb8-r05-attempt01.log
8c7ebd376a6cfdb8-r05,ClusterRT_LRC,success,,1,bandwidth;block_size;encoding;stripes,k10_l2_g3,10,2,3,1048576,1000,10,1,5,222.796,0.0657481,2,250,250,10.9469,4.66089,11.0686,20.3708,2026-09-17T22:24:45.590956+00:00,2026-09-17T22:30:10.924888+00:00,/users/gxt/DdlRT--LRC/experiments/results/logs/8c7ebd376a6cfdb8-r05-attempt01.log
f54f54b1411c4a2d-r01,ClusterRT_LRC,success,,1,bandwidth,k10_l2_g3,10,2,3,1048576,1000,10,0.5,1,208.27,0.0703338,1,500,500,18.5682,11.6413,20.7616,34.3116,2026-09-17T22:30:14.123554+00:00,2026-09-17T22:35:33.553261+00:00,/users/gxt/DdlRT--LRC/experiments/results/logs/f54f54b1411c4a2d-r01-attempt01.log
f54f54b1411c4a2d-r01,ClusterRT_LRC,success,,1,bandwidth,k10_l2_g3,10,2,3,1048576,1000,10,0.5,1,208.27,0.0703338,2,250,250,16.1827,4.90008,16.3794,25.7164,2026-09-17T22:30:14.123554+00:00,2026-09-17T22:35:33.553261+00:00,/users/gxt/DdlRT--LRC/experiments/results/logs/f54f54b1411c4a2d-r01-attempt01.log
f54f54b1411c4a2d-r02,ClusterRT_LRC,success,,2,bandwidth,k10_l2_g3,10,2,3,1048576,1000,10,0.5,2,224.492,0.0652516,1,500,500,18.6232,11.6982,20.8794,34.4443,2026-09-17T22:37:22.544644+00:00,2026-09-17T22:42:58.385037+00:00,/users/gxt/DdlRT--LRC/experiments/results/logs/f54f54b1411c4a2d-r02-attempt02.log
f54f54b1411c4a2d-r02,ClusterRT_LRC,success,,2,bandwidth,k10_l2_g3,10,2,3,1048576,1000,10,0.5,2,224.492,0.0652516,2,250,250,16.1613,4.84882,16.3629,25.6236,2026-09-17T22:37:22.544644+00:00,2026-09-17T22:42:58.385037+00:00,/users/gxt/DdlRT--LRC/experiments/results/logs/f54f54b1411c4a2d-r02-attempt02.log
f54f54b1411c4a2d-r03,ClusterRT_LRC,success,,1,bandwidth,k10_l2_g3,10,2,3,1048576,1000,10,0.5,3,219.122,0.0668505,1,500,500,18.59,11.587,20.7328,34.2105,2026-09-17T22:43:01.402896+00:00,2026-09-17T22:48:31.855585+00:00,/users/gxt/DdlRT--LRC/experiments/results/logs/f54f54b1411c4a2d-r03-attempt01.log
f54f54b1411c4a2d-r03,ClusterRT_LRC,success,,1,bandwidth,k10_l2_g3,10,2,3,1048576,1000,10,0.5,3,219.122,0.0668505,2,250,250,16.18,4.84141,16.3806,25.6902,2026-09-17T22:43:01.402896+00:00,2026-09-17T22:48:31.855585+00:00,/users/gxt/DdlRT--LRC/experiments/results/logs/f54f54b1411c4a2d-r03-attempt01.log
f54f54b1411c4a2d-r04,ClusterRT_LRC,success,,1,bandwidth,k10_l2_g3,10,2,3,1048576,1000,10,0.5,4,219.066,0.0668677,1,500,500,18.6483,11.7661,20.8565,34.3707,2026-09-17T22:48:34.873350+00:00,2026-09-17T22:54:05.521866+00:00,/users/gxt/DdlRT--LRC/experiments/results/logs/f54f54b1411c4a2d-r04-attempt01.log
f54f54b1411c4a2d-r04,ClusterRT_LRC,success,,1,bandwidth,k10_l2_g3,10,2,3,1048576,1000,10,0.5,4,219.066,0.0668677,2,250,250,16.1389,4.86577,16.3207,25.6193,2026-09-17T22:48:34.873350+00:00,2026-09-17T22:54:05.521866+00:00,/users/gxt/DdlRT--LRC/experiments/results/logs/f54f54b1411c4a2d-r04-attempt01.log
f54f54b1411c4a2d-r05,ClusterRT_LRC,success,,1,bandwidth,k10_l2_g3,10,2,3,1048576,1000,10,0.5,5,218.889,0.0669217,1,500,500,18.6402,11.7088,20.8463,34.35,2026-09-17T22:54:08.487106+00:00,2026-09-17T22:59:38.612390+00:00,/users/gxt/DdlRT--LRC/experiments/results/logs/f54f54b1411c4a2d-r05-attempt01.log
f54f54b1411c4a2d-r05,ClusterRT_LRC,success,,1,bandwidth,k10_l2_g3,10,2,3,1048576,1000,10,0.5,5,218.889,0.0669217,2,250,250,16.1824,4.81044,16.3714,25.632,2026-09-17T22:54:08.487106+00:00,2026-09-17T22:59:38.612390+00:00,/users/gxt/DdlRT--LRC/experiments/results/logs/f54f54b1411c4a2d-r05-attempt01.log
f70ea0656089aee0-r01,ClusterRT_LRC,success,,1,bandwidth,k10_l2_g3,10,2,3,1048576,1000,10,2,1,220.02,0.0665778,1,500,500,13.1518,11.3765,15.4971,29.0081,2026-09-17T22:59:41.538797+00:00,2026-09-17T23:04:59.851109+00:00,/users/gxt/DdlRT--LRC/experiments/results/logs/f70ea0656089aee0-r01-attempt01.log
f70ea0656089aee0-r01,ClusterRT_LRC,success,,1,bandwidth,k10_l2_g3,10,2,3,1048576,1000,10,2,1,220.02,0.0665778,2,250,250,8.70872,4.62033,8.81955,18.0661,2026-09-17T22:59:41.538797+00:00,2026-09-17T23:04:59.851109+00:00,/users/gxt/DdlRT--LRC/experiments/results/logs/f70ea0656089aee0-r01-attempt01.log
f70ea0656089aee0-r02,ClusterRT_LRC,success,,1,bandwidth,k10_l2_g3,10,2,3,1048576,1000,10,2,2,227.663,0.0643426,1,500,500,13.2525,11.3304,15.5933,28.9925,2026-09-17T23:05:02.870256+00:00,2026-09-17T23:10:29.023567+00:00,/users/gxt/DdlRT--LRC/experiments/results/logs/f70ea0656089aee0-r02-attempt01.log
f70ea0656089aee0-r02,ClusterRT_LRC,success,,1,bandwidth,k10_l2_g3,10,2,3,1048576,1000,10,2,2,227.663,0.0643426,2,250,250,8.69143,4.57209,8.81995,18.0384,2026-09-17T23:05:02.870256+00:00,2026-09-17T23:10:29.023567+00:00,/users/gxt/DdlRT--LRC/experiments/results/logs/f70ea0656089aee0-r02-attempt01.log
f70ea0656089aee0-r03,ClusterRT_LRC,success,,1,bandwidth,k10_l2_g3,10,2,3,1048576,1000,10,2,3,214.1,0.0684186,1,500,500,13.0329,11.2877,15.4148,28.8474,2026-09-17T23:10:32.024283+00:00,2026-09-17T23:15:44.644807+00:00,/users/gxt/DdlRT--LRC/experiments/results/logs/f70ea0656089aee0-r03-attempt01.log
f70ea0656089aee0-r03,ClusterRT_LRC,success,,1,bandwidth,k10_l2_g3,10,2,3,1048576,1000,10,2,3,214.1,0.0684186,2,250,250,8.6352,4.55939,8.76286,17.9865,2026-09-17T23:10:32.024283+00:00,2026-09-17T23:15:44.644807+00:00,/users/gxt/DdlRT--LRC/experiments/results/logs/f70ea0656089aee0-r03-attempt01.log
f70ea0656089aee0-r04,ClusterRT_LRC,success,,1,bandwidth,k10_l2_g3,10,2,3,1048576,1000,10,2,4,215.424,0.0679982,1,500,500,13.1255,11.1997,15.4556,28.84,2026-09-17T23:15:47.645218+00:00,2026-09-17T23:21:00.903882+00:00,/users/gxt/DdlRT--LRC/experiments/results/logs/f70ea0656089aee0-r04-attempt01.log
f70ea0656089aee0-r04,ClusterRT_LRC,success,,1,bandwidth,k10_l2_g3,10,2,3,1048576,1000,10,2,4,215.424,0.0679982,2,250,250,8.64372,4.58036,8.75008,17.9946,2026-09-17T23:15:47.645218+00:00,2026-09-17T23:21:00.903882+00:00,/users/gxt/DdlRT--LRC/experiments/results/logs/f70ea0656089aee0-r04-attempt01.log
f70ea0656089aee0-r05,ClusterRT_LRC,success,,1,bandwidth,k10_l2_g3,10,2,3,1048576,1000,10,2,5,213.937,0.0684708,1,500,500,13.164,11.35,15.5082,28.9202,2026-09-17T23:21:03.894610+00:00,2026-09-17T23:26:16.574895+00:00,/users/gxt/DdlRT--LRC/experiments/results/logs/f70ea0656089aee0-r05-attempt01.log
f70ea0656089aee0-r05,ClusterRT_LRC,success,,1,bandwidth,k10_l2_g3,10,2,3,1048576,1000,10,2,5,213.937,0.0684708,2,250,250,8.67319,4.56504,8.80234,17.9889,2026-09-17T23:21:03.894610+00:00,2026-09-17T23:26:16.574895+00:00,/users/gxt/DdlRT--LRC/experiments/results/logs/f70ea0656089aee0-r05-attempt01.log
571e455c9379e5a9-r01,ClusterRT_LRC,success,,2,bandwidth,k10_l2_g3,10,2,3,1048576,1000,10,5,1,216.781,0.0675725,1,500,500,12.2633,11.579,15.0291,28.408,2026-09-17T23:28:03.928134+00:00,2026-09-17T23:33:17.288711+00:00,/users/gxt/DdlRT--LRC/experiments/results/logs/571e455c9379e5a9-r01-attempt02.log
571e455c9379e5a9-r01,ClusterRT_LRC,success,,2,bandwidth,k10_l2_g3,10,2,3,1048576,1000,10,5,1,216.781,0.0675725,2,250,250,7.5463,4.516,7.7057,16.9079,2026-09-17T23:28:03.928134+00:00,2026-09-17T23:33:17.288711+00:00,/users/gxt/DdlRT--LRC/experiments/results/logs/571e455c9379e5a9-r01-attempt02.log
571e455c9379e5a9-r02,ClusterRT_LRC,success,,1,bandwidth,k10_l2_g3,10,2,3,1048576,1000,10,5,2,218.321,0.0670959,1,500,500,12.2954,11.3638,14.9537,28.3152,2026-09-17T23:33:20.273927+00:00,2026-09-17T23:38:35.264245+00:00,/users/gxt/DdlRT--LRC/experiments/results/logs/571e455c9379e5a9-r02-attempt01.log
571e455c9379e5a9-r02,ClusterRT_LRC,success,,1,bandwidth,k10_l2_g3,10,2,3,1048576,1000,10,5,2,218.321,0.0670959,2,250,250,7.63816,4.52569,7.80076,16.9292,2026-09-17T23:33:20.273927+00:00,2026-09-17T23:38:35.264245+00:00,/users/gxt/DdlRT--LRC/experiments/results/logs/571e455c9379e5a9-r02-attempt01.log
571e455c9379e5a9-r03,ClusterRT_LRC,success,,1,bandwidth,k10_l2_g3,10,2,3,1048576,1000,10,5,3,227.451,0.0644025,1,500,500,12.3297,11.1731,14.8336,28.1879,2026-09-17T23:38:38.286550+00:00,2026-09-17T23:44:02.112012+00:00,/users/gxt/DdlRT--LRC/experiments/results/logs/571e455c9379e5a9-r03-attempt01.log
571e455c9379e5a9-r03,ClusterRT_LRC,success,,1,bandwidth,k10_l2_g3,10,2,3,1048576,1000,10,5,3,227.451,0.0644025,2,250,250,7.63673,4.5284,7.81518,16.9506,2026-09-17T23:38:38.286550+00:00,2026-09-17T23:44:02.112012+00:00,/users/gxt/DdlRT--LRC/experiments/results/logs/571e455c9379e5a9-r03-attempt01.log
571e455c9379e5a9-r04,ClusterRT_LRC,success,,1,bandwidth,k10_l2_g3,10,2,3,1048576,1000,10,5,4,217.766,0.0672669,1,500,500,12.2242,11.2703,14.903,28.4866,2026-09-17T23:44:05.213776+00:00,2026-09-17T23:49:19.235736+00:00,/users/gxt/DdlRT--LRC/experiments/results/logs/571e455c9379e5a9-r04-attempt01.log
571e455c9379e5a9-r04,ClusterRT_LRC,success,,1,bandwidth,k10_l2_g3,10,2,3,1048576,1000,10,5,4,217.766,0.0672669,2,250,250,7.56758,4.4332,7.72081,16.8542,2026-09-17T23:44:05.213776+00:00,2026-09-17T23:49:19.235736+00:00,/users/gxt/DdlRT--LRC/experiments/results/logs/571e455c9379e5a9-r04-attempt01.log
571e455c9379e5a9-r05,ClusterRT_LRC,success,,1,bandwidth,k10_l2_g3,10,2,3,1048576,1000,10,5,5,210.048,0.0697386,1,500,500,12.2447,11.4292,14.9915,28.3706,2026-09-17T23:49:22.400567+00:00,2026-09-17T23:54:29.447369+00:00,/users/gxt/DdlRT--LRC/experiments/results/logs/571e455c9379e5a9-r05-attempt01.log
571e455c9379e5a9-r05,ClusterRT_LRC,success,,1,bandwidth,k10_l2_g3,10,2,3,1048576,1000,10,5,5,210.048,0.0697386,2,250,250,7.58236,4.54105,7.76662,17.0005,2026-09-17T23:49:22.400567+00:00,2026-09-17T23:54:29.447369+00:00,/users/gxt/DdlRT--LRC/experiments/results/logs/571e455c9379e5a9-r05-attempt01.log
72e9891cf0992ef3-r01,ClusterRT_LRC,success,,1,bandwidth,k10_l2_g3,10,2,3,1048576,1000,10,10,1,216.482,0.067666,1,500,500,12.0415,11.29,14.6597,28.163,2026-09-17T23:54:32.540800+00:00,2026-09-17T23:59:45.455147+00:00,/users/gxt/DdlRT--LRC/experiments/results/logs/72e9891cf0992ef3-r01-attempt01.log
72e9891cf0992ef3-r01,ClusterRT_LRC,success,,1,bandwidth,k10_l2_g3,10,2,3,1048576,1000,10,10,1,216.482,0.067666,2,250,250,7.58013,4.53397,7.79072,16.9637,2026-09-17T23:54:32.540800+00:00,2026-09-17T23:59:45.455147+00:00,/users/gxt/DdlRT--LRC/experiments/results/logs/72e9891cf0992ef3-r01-attempt01.log
72e9891cf0992ef3-r02,ClusterRT_LRC,success,,1,bandwidth,k10_l2_g3,10,2,3,1048576,1000,10,10,2,219.57,0.0667142,1,500,500,12.1649,11.3214,14.7735,28.1942,2026-09-17T23:59:48.588441+00:00,2026-09-18T00:05:03.956611+00:00,/users/gxt/DdlRT--LRC/experiments/results/logs/72e9891cf0992ef3-r02-attempt01.log
72e9891cf0992ef3-r02,ClusterRT_LRC,success,,1,bandwidth,k10_l2_g3,10,2,3,1048576,1000,10,10,2,219.57,0.0667142,2,250,250,7.42944,4.46712,7.59697,16.8203,2026-09-17T23:59:48.588441+00:00,2026-09-18T00:05:03.956611+00:00,/users/gxt/DdlRT--LRC/experiments/results/logs/72e9891cf0992ef3-r02-attempt01.log
72e9891cf0992ef3-r03,ClusterRT_LRC,success,,1,bandwidth,k10_l2_g3,10,2,3,1048576,1000,10,10,3,222.333,0.0658852,1,500,500,12.1857,11.2484,14.7278,28.0941,2026-09-18T00:05:07.092424+00:00,2026-09-18T00:10:25.293914+00:00,/users/gxt/DdlRT--LRC/experiments/results/logs/72e9891cf0992ef3-r03-attempt01.log
72e9891cf0992ef3-r03,ClusterRT_LRC,success,,1,bandwidth,k10_l2_g3,10,2,3,1048576,1000,10,10,3,222.333,0.0658852,2,250,250,7.37081,4.49836,7.5577,16.6812,2026-09-18T00:05:07.092424+00:00,2026-09-18T00:10:25.293914+00:00,/users/gxt/DdlRT--LRC/experiments/results/logs/72e9891cf0992ef3-r03-attempt01.log
72e9891cf0992ef3-r04,ClusterRT_LRC,success,,1,bandwidth,k10_l2_g3,10,2,3,1048576,1000,10,10,4,217.551,0.0673332,1,500,500,12.1393,11.2774,14.7222,28.0736,2026-09-18T00:10:28.419056+00:00,2026-09-18T00:15:42.622406+00:00,/users/gxt/DdlRT--LRC/experiments/results/logs/72e9891cf0992ef3-r04-attempt01.log
72e9891cf0992ef3-r04,ClusterRT_LRC,success,,1,bandwidth,k10_l2_g3,10,2,3,1048576,1000,10,10,4,217.551,0.0673332,2,250,250,7.44711,4.50834,7.62854,16.7986,2026-09-18T00:10:28.419056+00:00,2026-09-18T00:15:42.622406+00:00,/users/gxt/DdlRT--LRC/experiments/results/logs/72e9891cf0992ef3-r04-attempt01.log
72e9891cf0992ef3-r05,ClusterRT_LRC,failed,ClientOutputError: [SET402] upload data failed! gRPC code=14 message=one or more proxies failed to accept placement plan (check proxy reachability and scheduleAppend2Datanode),2,bandwidth,k10_l2_g3,10,2,3,1048576,1000,10,10,5,,,,,,,,,,2026-09-18T00:20:14.429649+00:00,2026-09-18T00:23:21.736251+00:00,/users/gxt/DdlRT--LRC/experiments/results/logs/72e9891cf0992ef3-r05-attempt02.log
c92266fe06da8af0-r01,ClusterRT_LRC,success,,1,stripes,k10_l2_g3,10,2,3,1048576,500,10,1,1,110.038,0.066561,1,250,250,7.3396,6.4339,8.32149,15.0626,2026-09-18T00:23:24.455613+00:00,2026-09-18T00:26:31.693154+00:00,/users/gxt/DdlRT--LRC/experiments/results/logs/c92266fe06da8af0-r01-attempt01.log
c92266fe06da8af0-r01,ClusterRT_LRC,success,,1,stripes,k10_l2_g3,10,2,3,1048576,500,10,1,1,110.038,0.066561,2,125,125,5.51393,2.90908,5.63995,10.5411,2026-09-18T00:23:24.455613+00:00,2026-09-18T00:26:31.693154+00:00,/users/gxt/DdlRT--LRC/experiments/results/logs/c92266fe06da8af0-r01-attempt01.log
c92266fe06da8af0-r02,ClusterRT_LRC,success,,1,stripes,k10_l2_g3,10,2,3,1048576,500,10,1,2,113.612,0.0644669,1,250,250,7.36105,6.37233,8.31108,15.0452,2026-09-18T00:26:34.440601+00:00,2026-09-18T00:29:45.166782+00:00,/users/gxt/DdlRT--LRC/experiments/results/logs/c92266fe06da8af0-r02-attempt01.log
c92266fe06da8af0-r02,ClusterRT_LRC,success,,1,stripes,k10_l2_g3,10,2,3,1048576,500,10,1,2,113.612,0.0644669,2,125,125,5.52287,2.92066,5.65308,10.5045,2026-09-18T00:26:34.440601+00:00,2026-09-18T00:29:45.166782+00:00,/users/gxt/DdlRT--LRC/experiments/results/logs/c92266fe06da8af0-r02-attempt01.log
c92266fe06da8af0-r03,ClusterRT_LRC,success,,1,stripes,k10_l2_g3,10,2,3,1048576,500,10,1,3,105.552,0.0693895,1,250,250,7.29032,6.45178,8.30417,15.0686,2026-09-18T00:29:48.024941+00:00,2026-09-18T00:32:50.352703+00:00,/users/gxt/DdlRT--LRC/experiments/results/logs/c92266fe06da8af0-r03-attempt01.log
c92266fe06da8af0-r03,ClusterRT_LRC,success,,1,stripes,k10_l2_g3,10,2,3,1048576,500,10,1,3,105.552,0.0693895,2,125,125,5.52015,2.90144,5.65204,10.5367,2026-09-18T00:29:48.024941+00:00,2026-09-18T00:32:50.352703+00:00,/users/gxt/DdlRT--LRC/experiments/results/logs/c92266fe06da8af0-r03-attempt01.log
c92266fe06da8af0-r04,ClusterRT_LRC,success,,1,stripes,k10_l2_g3,10,2,3,1048576,500,10,1,4,108.182,0.0677028,1,250,250,7.33263,6.32031,8.25088,14.9516,2026-09-18T00:32:53.048357+00:00,2026-09-18T00:35:58.270473+00:00,/users/gxt/DdlRT--LRC/experiments/results/logs/c92266fe06da8af0-r04-attempt01.log
c92266fe06da8af0-r04,ClusterRT_LRC,success,,1,stripes,k10_l2_g3,10,2,3,1048576,500,10,1,4,108.182,0.0677028,2,125,125,5.52569,2.92076,5.63961,10.4778,2026-09-18T00:32:53.048357+00:00,2026-09-18T00:35:58.270473+00:00,/users/gxt/DdlRT--LRC/experiments/results/logs/c92266fe06da8af0-r04-attempt01.log
c92266fe06da8af0-r05,ClusterRT_LRC,success,,1,stripes,k10_l2_g3,10,2,3,1048576,500,10,1,5,111.366,0.0657671,1,250,250,7.3601,6.38995,8.29711,15.029,2026-09-18T00:36:01.012222+00:00,2026-09-18T00:39:09.174207+00:00,/users/gxt/DdlRT--LRC/experiments/results/logs/c92266fe06da8af0-r05-attempt01.log
c92266fe06da8af0-r05,ClusterRT_LRC,success,,1,stripes,k10_l2_g3,10,2,3,1048576,500,10,1,5,111.366,0.0657671,2,125,125,5.51556,2.90376,5.64773,10.5807,2026-09-18T00:36:01.012222+00:00,2026-09-18T00:39:09.174207+00:00,/users/gxt/DdlRT--LRC/experiments/results/logs/c92266fe06da8af0-r05-attempt01.log
ae22105f0759685d-r01,ClusterRT_LRC,success,,1,stripes,k10_l2_g3,10,2,3,1048576,1500,10,1,1,325.183,0.0675701,1,750,750,24.178,15.8822,27.9384,48.7903,2026-09-18T00:39:11.916781+00:00,2026-09-18T00:46:46.934927+00:00,/users/gxt/DdlRT--LRC/experiments/results/logs/ae22105f0759685d-r01-attempt01.log
ae22105f0759685d-r01,ClusterRT_LRC,success,,1,stripes,k10_l2_g3,10,2,3,1048576,1500,10,1,1,325.183,0.0675701,2,375,375,15.6554,6.58419,15.7392,29.6333,2026-09-18T00:39:11.916781+00:00,2026-09-18T00:46:46.934927+00:00,/users/gxt/DdlRT--LRC/experiments/results/logs/ae22105f0759685d-r01-attempt01.log
ae22105f0759685d-r02,ClusterRT_LRC,success,,1,stripes,k10_l2_g3,10,2,3,1048576,1500,10,1,2,322.534,0.0681251,1,750,750,24.2929,15.9339,28.1071,48.9653,2026-09-18T00:46:50.329520+00:00,2026-09-18T00:54:23.143518+00:00,/users/gxt/DdlRT--LRC/experiments/results/logs/ae22105f0759685d-r02-attempt01.log
ae22105f0759685d-r02,ClusterRT_LRC,success,,1,stripes,k10_l2_g3,10,2,3,1048576,1500,10,1,2,322.534,0.0681251,2,375,375,15.6902,6.67671,15.8154,29.7083,2026-09-18T00:46:50.329520+00:00,2026-09-18T00:54:23.143518+00:00,/users/gxt/DdlRT--LRC/experiments/results/logs/ae22105f0759685d-r02-attempt01.log
ae22105f0759685d-r03,ClusterRT_LRC,success,,1,stripes,k10_l2_g3,10,2,3,1048576,1500,10,1,3,320.223,0.0686168,1,750,750,24.2378,15.6683,27.9209,48.7837,2026-09-18T00:54:26.396214+00:00,2026-09-18T01:01:57.027483+00:00,/users/gxt/DdlRT--LRC/experiments/results/logs/ae22105f0759685d-r03-attempt01.log
ae22105f0759685d-r03,ClusterRT_LRC,success,,1,stripes,k10_l2_g3,10,2,3,1048576,1500,10,1,3,320.223,0.0686168,2,375,375,15.6795,6.55618,15.7571,29.6375,2026-09-18T00:54:26.396214+00:00,2026-09-18T01:01:57.027483+00:00,/users/gxt/DdlRT--LRC/experiments/results/logs/ae22105f0759685d-r03-attempt01.log
ae22105f0759685d-r04,ClusterRT_LRC,success,,1,stripes,k10_l2_g3,10,2,3,1048576,1500,10,1,4,341.469,0.0643475,1,750,750,24.3303,15.8899,28.0916,49.2356,2026-09-18T01:02:00.324849+00:00,2026-09-18T01:09:52.255998+00:00,/users/gxt/DdlRT--LRC/experiments/results/logs/ae22105f0759685d-r04-attempt01.log
ae22105f0759685d-r04,ClusterRT_LRC,success,,1,stripes,k10_l2_g3,10,2,3,1048576,1500,10,1,4,341.469,0.0643475,2,375,375,15.6943,6.62491,15.7852,29.6633,2026-09-18T01:02:00.324849+00:00,2026-09-18T01:09:52.255998+00:00,/users/gxt/DdlRT--LRC/experiments/results/logs/ae22105f0759685d-r04-attempt01.log
ae22105f0759685d-r05,ClusterRT_LRC,success,,1,stripes,k10_l2_g3,10,2,3,1048576,1500,10,1,5,313.519,0.0700839,1,750,750,23.9732,15.725,27.6806,48.5344,2026-09-18T01:09:55.666042+00:00,2026-09-18T01:17:18.379503+00:00,/users/gxt/DdlRT--LRC/experiments/results/logs/ae22105f0759685d-r05-attempt01.log
ae22105f0759685d-r05,ClusterRT_LRC,success,,1,stripes,k10_l2_g3,10,2,3,1048576,1500,10,1,5,313.519,0.0700839,2,375,375,15.7503,6.70444,15.8395,29.7839,2026-09-18T01:09:55.666042+00:00,2026-09-18T01:17:18.379503+00:00,/users/gxt/DdlRT--LRC/experiments/results/logs/ae22105f0759685d-r05-attempt01.log
8e107df537da3d2a-r01,ClusterRT_LRC,failed,ClientOutputError: [SET402] upload data failed! gRPC code=14 message=one or more proxies failed to accept placement plan (check proxy reachability and scheduleAppend2Datanode),2,stripes,k10_l2_g3,10,2,3,1048576,2000,10,1,1,,,,,,,,,,2026-09-18T01:20:49.579786+00:00,2026-09-18T01:28:50.982877+00:00,/users/gxt/DdlRT--LRC/experiments/results/logs/8e107df537da3d2a-r01-attempt02.log
8e107df537da3d2a-r02,ClusterRT_LRC,success,,1,stripes,k10_l2_g3,10,2,3,1048576,2000,10,1,2,442.915,0.0661456,1,1000,1000,29.856,19.7708,35.0469,64.2762,2026-09-18T01:28:54.486674+00:00,2026-09-18T01:38:51.193802+00:00,/users/gxt/DdlRT--LRC/experiments/results/logs/8e107df537da3d2a-r02-attempt01.log
8e107df537da3d2a-r02,ClusterRT_LRC,success,,1,stripes,k10_l2_g3,10,2,3,1048576,2000,10,1,2,442.915,0.0661456,2,500,500,19.5566,8.81284,19.856,38.5635,2026-09-18T01:28:54.486674+00:00,2026-09-18T01:38:51.193802+00:00,/users/gxt/DdlRT--LRC/experiments/results/logs/8e107df537da3d2a-r02-attempt01.log
8e107df537da3d2a-r03,ClusterRT_LRC,success,,1,stripes,k10_l2_g3,10,2,3,1048576,2000,10,1,3,448.379,0.0653396,1,1000,1000,29.8472,19.529,34.9584,63.3631,2026-09-18T01:38:54.854535+00:00,2026-09-18T01:48:55.730779+00:00,/users/gxt/DdlRT--LRC/experiments/results/logs/8e107df537da3d2a-r03-attempt01.log
8e107df537da3d2a-r03,ClusterRT_LRC,success,,1,stripes,k10_l2_g3,10,2,3,1048576,2000,10,1,3,448.379,0.0653396,2,500,500,19.5349,8.74225,19.8158,38.3499,2026-09-18T01:38:54.854535+00:00,2026-09-18T01:48:55.730779+00:00,/users/gxt/DdlRT--LRC/experiments/results/logs/8e107df537da3d2a-r03-attempt01.log
8e107df537da3d2a-r04,ClusterRT_LRC,success,,1,stripes,k10_l2_g3,10,2,3,1048576,2000,10,1,4,442.806,0.0661618,1,1000,1000,29.9621,19.4083,35.0751,63.5907,2026-09-18T01:48:59.375639+00:00,2026-09-18T01:58:55.668877+00:00,/users/gxt/DdlRT--LRC/experiments/results/logs/8e107df537da3d2a-r04-attempt01.log
8e107df537da3d2a-r04,ClusterRT_LRC,success,,1,stripes,k10_l2_g3,10,2,3,1048576,2000,10,1,4,442.806,0.0661618,2,500,500,19.4929,8.87231,19.9985,38.5881,2026-09-18T01:48:59.375639+00:00,2026-09-18T01:58:55.668877+00:00,/users/gxt/DdlRT--LRC/experiments/results/logs/8e107df537da3d2a-r04-attempt01.log
8e107df537da3d2a-r05,ClusterRT_LRC,success,,1,stripes,k10_l2_g3,10,2,3,1048576,2000,10,1,5,453.004,0.0646725,1,1000,1000,29.9707,19.8586,35.2008,64.3788,2026-09-18T01:58:59.296963+00:00,2026-09-18T02:09:06.599672+00:00,/users/gxt/DdlRT--LRC/experiments/results/logs/8e107df537da3d2a-r05-attempt01.log
8e107df537da3d2a-r05,ClusterRT_LRC,success,,1,stripes,k10_l2_g3,10,2,3,1048576,2000,10,1,5,453.004,0.0646725,2,500,500,19.4843,8.66057,19.7606,38.4545,2026-09-18T01:58:59.296963+00:00,2026-09-18T02:09:06.599672+00:00,/users/gxt/DdlRT--LRC/experiments/results/logs/8e107df537da3d2a-r05-attempt01.log
9b029f6c2079b183-r01,ClusterRT_LRC,success,,1,block_size,k10_l2_g3,10,2,3,262144,1000,10,1,1,43.1671,0.0848356,1,500,500,6.27914,5.88089,7.50315,18.9474,2026-09-18T02:09:10.107239+00:00,2026-09-18T02:11:15.712532+00:00,/users/gxt/DdlRT--LRC/experiments/results/logs/9b029f6c2079b183-r01-attempt01.log
9b029f6c2079b183-r01,ClusterRT_LRC,success,,1,block_size,k10_l2_g3,10,2,3,262144,1000,10,1,1,43.1671,0.0848356,2,250,250,4.24271,2.02869,4.29447,12.167,2026-09-18T02:09:10.107239+00:00,2026-09-18T02:11:15.712532+00:00,/users/gxt/DdlRT--LRC/experiments/results/logs/9b029f6c2079b183-r01-attempt01.log
9b029f6c2079b183-r02,ClusterRT_LRC,success,,1,block_size,k10_l2_g3,10,2,3,262144,1000,10,1,2,42.6293,0.0859059,1,500,500,6.27856,5.9332,7.55075,19.0949,2026-09-18T02:11:18.285764+00:00,2026-09-18T02:13:23.253744+00:00,/users/gxt/DdlRT--LRC/experiments/results/logs/9b029f6c2079b183-r02-attempt01.log
9b029f6c2079b183-r02,ClusterRT_LRC,success,,1,block_size,k10_l2_g3,10,2,3,262144,1000,10,1,2,42.6293,0.0859059,2,250,250,4.24432,2.00723,4.29475,12.2098,2026-09-18T02:11:18.285764+00:00,2026-09-18T02:13:23.253744+00:00,/users/gxt/DdlRT--LRC/experiments/results/logs/9b029f6c2079b183-r02-attempt01.log
9b029f6c2079b183-r03,ClusterRT_LRC,success,,1,block_size,k10_l2_g3,10,2,3,262144,1000,10,1,3,43.0664,0.085034,1,500,500,6.25403,5.92509,7.50637,18.9303,2026-09-18T02:13:25.886185+00:00,2026-09-18T02:15:30.989723+00:00,/users/gxt/DdlRT--LRC/experiments/results/logs/9b029f6c2079b183-r03-attempt01.log
9b029f6c2079b183-r03,ClusterRT_LRC,success,,1,block_size,k10_l2_g3,10,2,3,262144,1000,10,1,3,43.0664,0.085034,2,250,250,4.26229,2.04522,4.3117,12.2112,2026-09-18T02:13:25.886185+00:00,2026-09-18T02:15:30.989723+00:00,/users/gxt/DdlRT--LRC/experiments/results/logs/9b029f6c2079b183-r03-attempt01.log
9b029f6c2079b183-r04,ClusterRT_LRC,success,,1,block_size,k10_l2_g3,10,2,3,262144,1000,10,1,4,42.5429,0.0860804,1,500,500,6.28252,5.87533,7.52314,19.0257,2026-09-18T02:15:33.633871+00:00,2026-09-18T02:17:38.883106+00:00,/users/gxt/DdlRT--LRC/experiments/results/logs/9b029f6c2079b183-r04-attempt01.log
9b029f6c2079b183-r04,ClusterRT_LRC,success,,1,block_size,k10_l2_g3,10,2,3,262144,1000,10,1,4,42.5429,0.0860804,2,250,250,4.24229,2.01707,4.29374,12.1631,2026-09-18T02:15:33.633871+00:00,2026-09-18T02:17:38.883106+00:00,/users/gxt/DdlRT--LRC/experiments/results/logs/9b029f6c2079b183-r04-attempt01.log
9b029f6c2079b183-r05,ClusterRT_LRC,success,,1,block_size,k10_l2_g3,10,2,3,262144,1000,10,1,5,42.9617,0.0852413,1,500,500,6.27086,5.9269,7.52392,18.9246,2026-09-18T02:17:41.508831+00:00,2026-09-18T02:19:47.133334+00:00,/users/gxt/DdlRT--LRC/experiments/results/logs/9b029f6c2079b183-r05-attempt01.log
9b029f6c2079b183-r05,ClusterRT_LRC,success,,1,block_size,k10_l2_g3,10,2,3,262144,1000,10,1,5,42.9617,0.0852413,2,250,250,4.25894,2.03489,4.31151,12.2055,2026-09-18T02:17:41.508831+00:00,2026-09-18T02:19:47.133334+00:00,/users/gxt/DdlRT--LRC/experiments/results/logs/9b029f6c2079b183-r05-attempt01.log
e6c2c8d822840b88-r01,ClusterRT_LRC,success,,1,block_size,k10_l2_g3,10,2,3,524288,1000,10,1,1,103.009,0.0711025,1,500,500,8.89684,7.92542,10.5132,22.7255,2026-09-18T02:19:49.759144+00:00,2026-09-18T02:23:01.651462+00:00,/users/gxt/DdlRT--LRC/experiments/results/logs/e6c2c8d822840b88-r01-attempt01.log
e6c2c8d822840b88-r01,ClusterRT_LRC,success,,1,block_size,k10_l2_g3,10,2,3,524288,1000,10,1,1,103.009,0.0711025,2,250,250,6.26009,2.85286,6.33603,14.7287,2026-09-18T02:19:49.759144+00:00,2026-09-18T02:23:01.651462+00:00,/users/gxt/DdlRT--LRC/experiments/results/logs/e6c2c8d822840b88-r01-attempt01.log
e6c2c8d822840b88-r02,ClusterRT_LRC,success,,1,block_size,k10_l2_g3,10,2,3,524288,1000,10,1,2,104.933,0.0697987,1,500,500,8.91687,7.86435,10.498,22.6948,2026-09-18T02:23:04.477410+00:00,2026-09-18T02:26:18.369516+00:00,/users/gxt/DdlRT--LRC/experiments/results/logs/e6c2c8d822840b88-r02-attempt01.log
e6c2c8d822840b88-r02,ClusterRT_LRC,success,,1,block_size,k10_l2_g3,10,2,3,524288,1000,10,1,2,104.933,0.0697987,2,250,250,6.27422,2.89708,6.35798,14.7635,2026-09-18T02:23:04.477410+00:00,2026-09-18T02:26:18.369516+00:00,/users/gxt/DdlRT--LRC/experiments/results/logs/e6c2c8d822840b88-r02-attempt01.log
e6c2c8d822840b88-r03,ClusterRT_LRC,success,,1,block_size,k10_l2_g3,10,2,3,524288,1000,10,1,3,104.576,0.0700376,1,500,500,8.92568,7.90165,10.5213,22.7098,2026-09-18T02:26:21.188830+00:00,2026-09-18T02:29:34.444980+00:00,/users/gxt/DdlRT--LRC/experiments/results/logs/e6c2c8d822840b88-r03-attempt01.log
e6c2c8d822840b88-r03,ClusterRT_LRC,success,,1,block_size,k10_l2_g3,10,2,3,524288,1000,10,1,3,104.576,0.0700376,2,250,250,6.25649,2.88437,6.33745,14.7744,2026-09-18T02:26:21.188830+00:00,2026-09-18T02:29:34.444980+00:00,/users/gxt/DdlRT--LRC/experiments/results/logs/e6c2c8d822840b88-r03-attempt01.log
e6c2c8d822840b88-r04,ClusterRT_LRC,success,,1,block_size,k10_l2_g3,10,2,3,524288,1000,10,1,4,102.892,0.0711834,1,500,500,8.98171,7.92788,10.5696,22.8798,2026-09-18T02:29:37.206881+00:00,2026-09-18T02:32:49.501584+00:00,/users/gxt/DdlRT--LRC/experiments/results/logs/e6c2c8d822840b88-r04-attempt01.log
e6c2c8d822840b88-r04,ClusterRT_LRC,success,,1,block_size,k10_l2_g3,10,2,3,524288,1000,10,1,4,102.892,0.0711834,2,250,250,6.26705,2.90014,6.3488,14.8926,2026-09-18T02:29:37.206881+00:00,2026-09-18T02:32:49.501584+00:00,/users/gxt/DdlRT--LRC/experiments/results/logs/e6c2c8d822840b88-r04-attempt01.log
e6c2c8d822840b88-r05,ClusterRT_LRC,success,,1,block_size,k10_l2_g3,10,2,3,524288,1000,10,1,5,106.331,0.0688813,1,500,500,8.92585,7.90737,10.5131,22.7201,2026-09-18T02:32:52.324896+00:00,2026-09-18T02:36:07.499347+00:00,/users/gxt/DdlRT--LRC/experiments/results/logs/e6c2c8d822840b88-r05-attempt01.log
e6c2c8d822840b88-r05,ClusterRT_LRC,success,,1,block_size,k10_l2_g3,10,2,3,524288,1000,10,1,5,106.331,0.0688813,2,250,250,6.26423,2.86199,6.34548,14.7424,2026-09-18T02:32:52.324896+00:00,2026-09-18T02:36:07.499347+00:00,/users/gxt/DdlRT--LRC/experiments/results/logs/e6c2c8d822840b88-r05-attempt01.log
f8183cf40b18a035-r01,ClusterRT_LRC,success,,1,block_size,k10_l2_g3,10,2,3,2097152,1000,10,1,1,463.188,0.0632505,1,500,500,27.101,18.3013,30.7648,46.3369,2026-09-18T02:36:10.261039+00:00,2026-09-18T02:46:01.570241+00:00,/users/gxt/DdlRT--LRC/experiments/results/logs/f8183cf40b18a035-r01-attempt01.log
f8183cf40b18a035-r01,ClusterRT_LRC,success,,1,block_size,k10_l2_g3,10,2,3,2097152,1000,10,1,1,463.188,0.0632505,2,250,250,19.762,8.24909,20.1024,30.857,2026-09-18T02:36:10.261039+00:00,2026-09-18T02:46:01.570241+00:00,/users/gxt/DdlRT--LRC/experiments/results/logs/f8183cf40b18a035-r01-attempt01.log
f8183cf40b18a035-r02,ClusterRT_LRC,success,,1,block_size,k10_l2_g3,10,2,3,2097152,1000,10,1,2,493.931,0.0593137,1,500,500,27.3989,18.5625,31.0959,46.5822,2026-09-18T02:46:04.967234+00:00,2026-09-18T02:56:27.721836+00:00,/users/gxt/DdlRT--LRC/experiments/results/logs/f8183cf40b18a035-r02-attempt01.log
f8183cf40b18a035-r02,ClusterRT_LRC,success,,1,block_size,k10_l2_g3,10,2,3,2097152,1000,10,1,2,493.931,0.0593137,2,250,250,19.8171,8.59807,20.3641,31.0638,2026-09-18T02:46:04.967234+00:00,2026-09-18T02:56:27.721836+00:00,/users/gxt/DdlRT--LRC/experiments/results/logs/f8183cf40b18a035-r02-attempt01.log
f8183cf40b18a035-r03,ClusterRT_LRC,success,,1,block_size,k10_l2_g3,10,2,3,2097152,1000,10,1,3,507.904,0.0576819,1,500,500,27.4531,18.3681,31.086,46.6294,2026-09-18T02:56:31.211009+00:00,2026-09-18T03:07:08.248517+00:00,/users/gxt/DdlRT--LRC/experiments/results/logs/f8183cf40b18a035-r03-attempt01.log
f8183cf40b18a035-r03,ClusterRT_LRC,success,,1,block_size,k10_l2_g3,10,2,3,2097152,1000,10,1,3,507.904,0.0576819,2,250,250,19.6558,8.40581,20.0023,30.7568,2026-09-18T02:56:31.211009+00:00,2026-09-18T03:07:08.248517+00:00,/users/gxt/DdlRT--LRC/experiments/results/logs/f8183cf40b18a035-r03-attempt01.log
f8183cf40b18a035-r04,ClusterRT_LRC,success,,1,block_size,k10_l2_g3,10,2,3,2097152,1000,10,1,4,499.687,0.0586305,1,500,500,27.3762,18.4066,31.0472,46.5451,2026-09-18T03:07:11.701720+00:00,2026-09-18T03:17:40.133876+00:00,/users/gxt/DdlRT--LRC/experiments/results/logs/f8183cf40b18a035-r04-attempt01.log
f8183cf40b18a035-r04,ClusterRT_LRC,success,,1,block_size,k10_l2_g3,10,2,3,2097152,1000,10,1,4,499.687,0.0586305,2,250,250,19.8434,8.40379,20.1872,30.9464,2026-09-18T03:07:11.701720+00:00,2026-09-18T03:17:40.133876+00:00,/users/gxt/DdlRT--LRC/experiments/results/logs/f8183cf40b18a035-r04-attempt01.log
f8183cf40b18a035-r05,ClusterRT_LRC,success,,2,block_size,k10_l2_g3,10,2,3,2097152,1000,10,1,5,464.491,0.0630731,1,500,500,27.0787,18.1124,30.6156,46.1327,2026-09-18T03:23:04.889757+00:00,2026-09-18T03:32:57.607878+00:00,/users/gxt/DdlRT--LRC/experiments/results/logs/f8183cf40b18a035-r05-attempt02.log
f8183cf40b18a035-r05,ClusterRT_LRC,success,,2,block_size,k10_l2_g3,10,2,3,2097152,1000,10,1,5,464.491,0.0630731,2,250,250,19.8189,8.44657,20.197,30.9821,2026-09-18T03:23:04.889757+00:00,2026-09-18T03:32:57.607878+00:00,/users/gxt/DdlRT--LRC/experiments/results/logs/f8183cf40b18a035-r05-attempt02.log
54beb118c2b2c70d-r01,ClusterRT_LRC,success,,1,block_size,k10_l2_g3,10,2,3,4194304,1000,10,1,1,858.461,0.0682544,1,500,500,48.5047,33.0725,55.4247,74.6295,2026-09-18T03:33:01.011714+00:00,2026-09-18T03:50:16.265936+00:00,/users/gxt/DdlRT--LRC/experiments/results/logs/54beb118c2b2c70d-r01-attempt01.log
54beb118c2b2c70d-r01,ClusterRT_LRC,success,,1,block_size,k10_l2_g3,10,2,3,4194304,1000,10,1,1,858.461,0.0682544,2,250,250,36.371,15.9694,37.1987,50.5862,2026-09-18T03:33:01.011714+00:00,2026-09-18T03:50:16.265936+00:00,/users/gxt/DdlRT--LRC/experiments/results/logs/54beb118c2b2c70d-r01-attempt01.log
54beb118c2b2c70d-r02,ClusterRT_LRC,success,,1,block_size,k10_l2_g3,10,2,3,4194304,1000,10,1,2,871.508,0.0672326,1,500,500,48.405,33.2918,55.5883,74.9013,2026-09-18T03:50:20.522122+00:00,2026-09-18T04:07:49.615806+00:00,/users/gxt/DdlRT--LRC/experiments/results/logs/54beb118c2b2c70d-r02-attempt01.log
54beb118c2b2c70d-r02,ClusterRT_LRC,success,,1,block_size,k10_l2_g3,10,2,3,4194304,1000,10,1,2,871.508,0.0672326,2,250,250,36.7828,15.9515,37.6667,51.0304,2026-09-18T03:50:20.522122+00:00,2026-09-18T04:07:49.615806+00:00,/users/gxt/DdlRT--LRC/experiments/results/logs/54beb118c2b2c70d-r02-attempt01.log
54beb118c2b2c70d-r03,ClusterRT_LRC,success,,1,block_size,k10_l2_g3,10,2,3,4194304,1000,10,1,3,888.3,0.0659617,1,500,500,48.5634,33.0411,55.5253,74.8518,2026-09-18T04:07:54.022335+00:00,2026-09-18T04:25:38.729793+00:00,/users/gxt/DdlRT--LRC/experiments/results/logs/54beb118c2b2c70d-r03-attempt01.log
54beb118c2b2c70d-r03,ClusterRT_LRC,success,,1,block_size,k10_l2_g3,10,2,3,4194304,1000,10,1,3,888.3,0.0659617,2,250,250,36.2612,16.0642,37.1553,50.4832,2026-09-18T04:07:54.022335+00:00,2026-09-18T04:25:38.729793+00:00,/users/gxt/DdlRT--LRC/experiments/results/logs/54beb118c2b2c70d-r03-attempt01.log
54beb118c2b2c70d-r04,ClusterRT_LRC,success,,1,block_size,k10_l2_g3,10,2,3,4194304,1000,10,1,4,844.124,0.0694137,1,500,500,48.34,33.213,55.5086,74.8857,2026-09-18T04:25:43.260360+00:00,2026-09-18T04:42:44.623814+00:00,/users/gxt/DdlRT--LRC/experiments/results/logs/54beb118c2b2c70d-r04-attempt01.log
54beb118c2b2c70d-r04,ClusterRT_LRC,success,,1,block_size,k10_l2_g3,10,2,3,4194304,1000,10,1,4,844.124,0.0694137,2,250,250,36.5056,16.2007,37.4423,51.0624,2026-09-18T04:25:43.260360+00:00,2026-09-18T04:42:44.623814+00:00,/users/gxt/DdlRT--LRC/experiments/results/logs/54beb118c2b2c70d-r04-attempt01.log
54beb118c2b2c70d-r05,ClusterRT_LRC,success,,1,block_size,k10_l2_g3,10,2,3,4194304,1000,10,1,5,853.945,0.0686154,1,500,500,48.5894,33.0266,55.5242,74.754,2026-09-18T04:42:48.820530+00:00,2026-09-18T04:59:59.481181+00:00,/users/gxt/DdlRT--LRC/experiments/results/logs/54beb118c2b2c70d-r05-attempt01.log
54beb118c2b2c70d-r05,ClusterRT_LRC,success,,1,block_size,k10_l2_g3,10,2,3,4194304,1000,10,1,5,853.945,0.0686154,2,250,250,36.4683,16.2531,37.4392,50.8088,2026-09-18T04:42:48.820530+00:00,2026-09-18T04:59:59.481181+00:00,/users/gxt/DdlRT--LRC/experiments/results/logs/54beb118c2b2c70d-r05-attempt01.log
780b34c579b92de4-r01,ClusterRT_LRC,success,,1,bandwidth;block_size;encoding;stripes,k12_l2_g2,12,2,2,1048576,1000,10,1,1,295.395,0.0528953,1,500,500,11.5728,11.2765,16.7192,28.503,2026-09-18T05:00:03.893655+00:00,2026-09-18T05:06:44.386834+00:00,/users/gxt/DdlRT--LRC/experiments/results/logs/780b34c579b92de4-r01-attempt01.log
780b34c579b92de4-r01,ClusterRT_LRC,success,,1,bandwidth;block_size;encoding;stripes,k12_l2_g2,12,2,2,1048576,1000,10,1,1,295.395,0.0528953,2,250,250,14.5969,4.56298,14.6322,25.3856,2026-09-18T05:00:03.893655+00:00,2026-09-18T05:06:44.386834+00:00,/users/gxt/DdlRT--LRC/experiments/results/logs/780b34c579b92de4-r01-attempt01.log
780b34c579b92de4-r02,ClusterRT_LRC,success,,1,bandwidth;block_size;encoding;stripes,k12_l2_g2,12,2,2,1048576,1000,10,1,2,286.707,0.0544981,1,500,500,11.5158,11.2996,16.6446,28.4588,2026-09-18T05:06:47.454118+00:00,2026-09-18T05:13:19.454865+00:00,/users/gxt/DdlRT--LRC/experiments/results/logs/780b34c579b92de4-r02-attempt01.log
780b34c579b92de4-r02,ClusterRT_LRC,success,,1,bandwidth;block_size;encoding;stripes,k12_l2_g2,12,2,2,1048576,1000,10,1,2,286.707,0.0544981,2,250,250,14.591,4.60825,14.6273,25.3737,2026-09-18T05:06:47.454118+00:00,2026-09-18T05:13:19.454865+00:00,/users/gxt/DdlRT--LRC/experiments/results/logs/780b34c579b92de4-r02-attempt01.log
780b34c579b92de4-r03,ClusterRT_LRC,success,,2,bandwidth;block_size;encoding;stripes,k12_l2_g2,12,2,2,1048576,1000,10,1,3,286.268,0.0545818,1,500,500,11.5766,11.1986,16.6714,28.7432,2026-09-18T05:16:12.283024+00:00,2026-09-18T05:22:43.970066+00:00,/users/gxt/DdlRT--LRC/experiments/results/logs/780b34c579b92de4-r03-attempt02.log
780b34c579b92de4-r03,ClusterRT_LRC,success,,2,bandwidth;block_size;encoding;stripes,k12_l2_g2,12,2,2,1048576,1000,10,1,3,286.268,0.0545818,2,250,250,14.7201,4.56405,14.7413,25.504,2026-09-18T05:16:12.283024+00:00,2026-09-18T05:22:43.970066+00:00,/users/gxt/DdlRT--LRC/experiments/results/logs/780b34c579b92de4-r03-attempt02.log
780b34c579b92de4-r04,ClusterRT_LRC,success,,1,bandwidth;block_size;encoding;stripes,k12_l2_g2,12,2,2,1048576,1000,10,1,4,282.265,0.0553558,1,500,500,11.5604,11.3005,16.7468,28.5274,2026-09-18T05:22:47.040029+00:00,2026-09-18T05:29:14.678447+00:00,/users/gxt/DdlRT--LRC/experiments/results/logs/780b34c579b92de4-r04-attempt01.log
780b34c579b92de4-r04,ClusterRT_LRC,success,,1,bandwidth;block_size;encoding;stripes,k12_l2_g2,12,2,2,1048576,1000,10,1,4,282.265,0.0553558,2,250,250,14.5573,4.55792,14.5864,25.325,2026-09-18T05:22:47.040029+00:00,2026-09-18T05:29:14.678447+00:00,/users/gxt/DdlRT--LRC/experiments/results/logs/780b34c579b92de4-r04-attempt01.log
780b34c579b92de4-r05,ClusterRT_LRC,success,,1,bandwidth;block_size;encoding;stripes,k12_l2_g2,12,2,2,1048576,1000,10,1,5,270.466,0.0577707,1,500,500,11.5537,11.2579,16.6852,28.4971,2026-09-18T05:29:17.766030+00:00,2026-09-18T05:35:33.352117+00:00,/users/gxt/DdlRT--LRC/experiments/results/logs/780b34c579b92de4-r05-attempt01.log
780b34c579b92de4-r05,ClusterRT_LRC,success,,1,bandwidth;block_size;encoding;stripes,k12_l2_g2,12,2,2,1048576,1000,10,1,5,270.466,0.0577707,2,250,250,14.5664,4.63343,14.5974,25.3205,2026-09-18T05:29:17.766030+00:00,2026-09-18T05:35:33.352117+00:00,/users/gxt/DdlRT--LRC/experiments/results/logs/780b34c579b92de4-r05-attempt01.log
cb6d7543546aa368-r01,ClusterRT_LRC,success,,1,bandwidth,k12_l2_g2,12,2,2,1048576,1000,10,0.5,1,290.979,0.053698,1,500,500,15.5284,11.4234,20.7759,32.5692,2026-09-18T05:35:36.445619+00:00,2026-09-18T05:42:24.592038+00:00,/users/gxt/DdlRT--LRC/experiments/results/logs/cb6d7543546aa368-r01-attempt01.log
cb6d7543546aa368-r01,ClusterRT_LRC,success,,1,bandwidth,k12_l2_g2,12,2,2,1048576,1000,10,0.5,1,290.979,0.053698,2,250,250,22.5845,4.69862,22.6615,33.48,2026-09-18T05:35:36.445619+00:00,2026-09-18T05:42:24.592038+00:00,/users/gxt/DdlRT--LRC/experiments/results/logs/cb6d7543546aa368-r01-attempt01.log
cb6d7543546aa368-r02,ClusterRT_LRC,success,,1,bandwidth,k12_l2_g2,12,2,2,1048576,1000,10,0.5,2,288.078,0.0542387,1,500,500,15.6,11.4149,20.847,32.7964,2026-09-18T05:42:27.758496+00:00,2026-09-18T05:49:13.890464+00:00,/users/gxt/DdlRT--LRC/experiments/results/logs/cb6d7543546aa368-r02-attempt01.log
cb6d7543546aa368-r02,ClusterRT_LRC,success,,1,bandwidth,k12_l2_g2,12,2,2,1048576,1000,10,0.5,2,288.078,0.0542387,2,250,250,22.5548,4.63136,22.6303,33.3983,2026-09-18T05:42:27.758496+00:00,2026-09-18T05:49:13.890464+00:00,/users/gxt/DdlRT--LRC/experiments/results/logs/cb6d7543546aa368-r02-attempt01.log
cb6d7543546aa368-r03,ClusterRT_LRC,success,,1,bandwidth,k12_l2_g2,12,2,2,1048576,1000,10,0.5,3,290.312,0.0538213,1,500,500,15.5798,11.423,20.821,32.6283,2026-09-18T05:49:16.987548+00:00,2026-09-18T05:56:04.525929+00:00,/users/gxt/DdlRT--LRC/experiments/results/logs/cb6d7543546aa368-r03-attempt01.log
cb6d7543546aa368-r03,ClusterRT_LRC,success,,1,bandwidth,k12_l2_g2,12,2,2,1048576,1000,10,0.5,3,290.312,0.0538213,2,250,250,22.5791,4.6245,22.6584,33.43,2026-09-18T05:49:16.987548+00:00,2026-09-18T05:56:04.525929+00:00,/users/gxt/DdlRT--LRC/experiments/results/logs/cb6d7543546aa368-r03-attempt01.log
cb6d7543546aa368-r04,ClusterRT_LRC,success,,1,bandwidth,k12_l2_g2,12,2,2,1048576,1000,10,0.5,4,286.326,0.0545706,1,500,500,15.6203,11.2836,20.814,32.5454,2026-09-18T05:56:07.637742+00:00,2026-09-18T06:02:51.422664+00:00,/users/gxt/DdlRT--LRC/experiments/results/logs/cb6d7543546aa368-r04-attempt01.log
cb6d7543546aa368-r04,ClusterRT_LRC,success,,1,bandwidth,k12_l2_g2,12,2,2,1048576,1000,10,0.5,4,286.326,0.0545706,2,250,250,22.6088,4.63171,22.6799,33.4588,2026-09-18T05:56:07.637742+00:00,2026-09-18T06:02:51.422664+00:00,/users/gxt/DdlRT--LRC/experiments/results/logs/cb6d7543546aa368-r04-attempt01.log
cb6d7543546aa368-r05,ClusterRT_LRC,success,,1,bandwidth,k12_l2_g2,12,2,2,1048576,1000,10,0.5,5,290.743,0.0537417,1,500,500,15.6094,11.3453,20.8394,32.6244,2026-09-18T06:02:54.491673+00:00,2026-09-18T06:09:42.448904+00:00,/users/gxt/DdlRT--LRC/experiments/results/logs/cb6d7543546aa368-r05-attempt01.log
cb6d7543546aa368-r05,ClusterRT_LRC,success,,1,bandwidth,k12_l2_g2,12,2,2,1048576,1000,10,0.5,5,290.743,0.0537417,2,250,250,22.6344,4.70956,22.7057,33.493,2026-09-18T06:02:54.491673+00:00,2026-09-18T06:09:42.448904+00:00,/users/gxt/DdlRT--LRC/experiments/results/logs/cb6d7543546aa368-r05-attempt01.log
e6b2b2abb3809ea5-r01,ClusterRT_LRC,success,,2,bandwidth,k12_l2_g2,12,2,2,1048576,1000,10,2,1,279.723,0.0558587,1,500,500,9.57786,11.0588,14.5884,26.3613,2026-09-18T06:11:13.842653+00:00,2026-09-18T06:17:32.788580+00:00,/users/gxt/DdlRT--LRC/experiments/results/logs/e6b2b2abb3809ea5-r01-attempt02.log
e6b2b2abb3809ea5-r01,ClusterRT_LRC,success,,2,bandwidth,k12_l2_g2,12,2,2,1048576,1000,10,2,1,279.723,0.0558587,2,250,250,10.642,4.47524,10.6639,21.3547,2026-09-18T06:11:13.842653+00:00,2026-09-18T06:17:32.788580+00:00,/users/gxt/DdlRT--LRC/experiments/results/logs/e6b2b2abb3809ea5-r01-attempt02.log
e6b2b2abb3809ea5-r02,ClusterRT_LRC,success,,1,bandwidth,k12_l2_g2,12,2,2,1048576,1000,10,2,2,276.642,0.0564809,1,500,500,9.61621,11.1433,14.7144,26.4152,2026-09-18T06:17:35.895697+00:00,2026-09-18T06:23:51.488867+00:00,/users/gxt/DdlRT--LRC/experiments/results/logs/e6b2b2abb3809ea5-r02-attempt01.log
e6b2b2abb3809ea5-r02,ClusterRT_LRC,success,,1,bandwidth,k12_l2_g2,12,2,2,1048576,1000,10,2,2,276.642,0.0564809,2,250,250,10.6534,4.45073,10.6649,21.3465,2026-09-18T06:17:35.895697+00:00,2026-09-18T06:23:51.488867+00:00,/users/gxt/DdlRT--LRC/experiments/results/logs/e6b2b2abb3809ea5-r02-attempt01.log
e6b2b2abb3809ea5-r03,ClusterRT_LRC,success,,1,bandwidth,k12_l2_g2,12,2,2,1048576,1000,10,2,3,269.098,0.0580644,1,500,500,9.59888,11.1079,14.67,26.3685,2026-09-18T06:23:54.560491+00:00,2026-09-18T06:30:02.599305+00:00,/users/gxt/DdlRT--LRC/experiments/results/logs/e6b2b2abb3809ea5-r03-attempt01.log
e6b2b2abb3809ea5-r03,ClusterRT_LRC,success,,1,bandwidth,k12_l2_g2,12,2,2,1048576,1000,10,2,3,269.098,0.0580644,2,250,250,10.6678,4.48286,10.6766,21.3729,2026-09-18T06:23:54.560491+00:00,2026-09-18T06:30:02.599305+00:00,/users/gxt/DdlRT--LRC/experiments/results/logs/e6b2b2abb3809ea5-r03-attempt01.log
e6b2b2abb3809ea5-r04,ClusterRT_LRC,success,,1,bandwidth,k12_l2_g2,12,2,2,1048576,1000,10,2,4,287.521,0.0543438,1,500,500,9.6383,10.9674,14.6259,26.5223,2026-09-18T06:30:05.687938+00:00,2026-09-18T06:36:32.594777+00:00,/users/gxt/DdlRT--LRC/experiments/results/logs/e6b2b2abb3809ea5-r04-attempt01.log
e6b2b2abb3809ea5-r04,ClusterRT_LRC,success,,1,bandwidth,k12_l2_g2,12,2,2,1048576,1000,10,2,4,287.521,0.0543438,2,250,250,10.6664,4.4618,10.677,21.4135,2026-09-18T06:30:05.687938+00:00,2026-09-18T06:36:32.594777+00:00,/users/gxt/DdlRT--LRC/experiments/results/logs/e6b2b2abb3809ea5-r04-attempt01.log
e6b2b2abb3809ea5-r05,ClusterRT_LRC,success,,1,bandwidth,k12_l2_g2,12,2,2,1048576,1000,10,2,5,285.739,0.0546827,1,500,500,9.60714,11.0764,14.6803,26.4438,2026-09-18T06:36:35.725270+00:00,2026-09-18T06:43:00.751939+00:00,/users/gxt/DdlRT--LRC/experiments/results/logs/e6b2b2abb3809ea5-r05-attempt01.log
e6b2b2abb3809ea5-r05,ClusterRT_LRC,success,,1,bandwidth,k12_l2_g2,12,2,2,1048576,1000,10,2,5,285.739,0.0546827,2,250,250,10.6677,4.45734,10.6795,21.4385,2026-09-18T06:36:35.725270+00:00,2026-09-18T06:43:00.751939+00:00,/users/gxt/DdlRT--LRC/experiments/results/logs/e6b2b2abb3809ea5-r05-attempt01.log
cdc3438cd385d7b2-r01,ClusterRT_LRC,success,,1,bandwidth,k12_l2_g2,12,2,2,1048576,1000,10,5,1,297.731,0.0524802,1,500,500,8.65691,11.0444,13.7971,25.8069,2026-09-18T06:43:03.850090+00:00,2026-09-18T06:49:38.156597+00:00,/users/gxt/DdlRT--LRC/experiments/results/logs/cdc3438cd385d7b2-r01-attempt01.log
cdc3438cd385d7b2-r01,ClusterRT_LRC,success,,1,bandwidth,k12_l2_g2,12,2,2,1048576,1000,10,5,1,297.731,0.0524802,2,250,250,8.8615,4.4967,8.89241,19.6471,2026-09-18T06:43:03.850090+00:00,2026-09-18T06:49:38.156597+00:00,/users/gxt/DdlRT--LRC/experiments/results/logs/cdc3438cd385d7b2-r01-attempt01.log
cdc3438cd385d7b2-r02,ClusterRT_LRC,success,,1,bandwidth,k12_l2_g2,12,2,2,1048576,1000,10,5,2,289.043,0.0540578,1,500,500,8.67519,11.0856,13.8396,25.6132,2026-09-18T06:49:41.277289+00:00,2026-09-18T06:56:07.134917+00:00,/users/gxt/DdlRT--LRC/experiments/results/logs/cdc3438cd385d7b2-r02-attempt01.log
cdc3438cd385d7b2-r02,ClusterRT_LRC,success,,1,bandwidth,k12_l2_g2,12,2,2,1048576,1000,10,5,2,289.043,0.0540578,2,250,250,8.90165,4.48741,8.92285,19.643,2026-09-18T06:49:41.277289+00:00,2026-09-18T06:56:07.134917+00:00,/users/gxt/DdlRT--LRC/experiments/results/logs/cdc3438cd385d7b2-r02-attempt01.log
cdc3438cd385d7b2-r03,ClusterRT_LRC,success,,1,bandwidth,k12_l2_g2,12,2,2,1048576,1000,10,5,3,288.75,0.0541126,1,500,500,8.64722,11.0403,13.7631,25.5717,2026-09-18T06:56:10.353780+00:00,2026-09-18T07:02:36.261765+00:00,/users/gxt/DdlRT--LRC/experiments/results/logs/cdc3438cd385d7b2-r03-attempt01.log
cdc3438cd385d7b2-r03,ClusterRT_LRC,success,,1,bandwidth,k12_l2_g2,12,2,2,1048576,1000,10,5,3,288.75,0.0541126,2,250,250,8.87529,4.45021,8.89535,19.5764,2026-09-18T06:56:10.353780+00:00,2026-09-18T07:02:36.261765+00:00,/users/gxt/DdlRT--LRC/experiments/results/logs/cdc3438cd385d7b2-r03-attempt01.log
cdc3438cd385d7b2-r04,ClusterRT_LRC,success,,1,bandwidth,k12_l2_g2,12,2,2,1048576,1000,10,5,4,284.682,0.0548858,1,500,500,8.63884,11.0207,13.7497,25.4384,2026-09-18T07:02:39.365547+00:00,2026-09-18T07:09:00.171120+00:00,/users/gxt/DdlRT--LRC/experiments/results/logs/cdc3438cd385d7b2-r04-attempt01.log
cdc3438cd385d7b2-r04,ClusterRT_LRC,success,,1,bandwidth,k12_l2_g2,12,2,2,1048576,1000,10,5,4,284.682,0.0548858,2,250,250,8.86649,4.43546,8.89104,19.5185,2026-09-18T07:02:39.365547+00:00,2026-09-18T07:09:00.171120+00:00,/users/gxt/DdlRT--LRC/experiments/results/logs/cdc3438cd385d7b2-r04-attempt01.log
cdc3438cd385d7b2-r05,ClusterRT_LRC,success,,1,bandwidth,k12_l2_g2,12,2,2,1048576,1000,10,5,5,286.7,0.0544994,1,500,500,8.63469,10.9246,13.7141,25.4101,2026-09-18T07:09:03.315835+00:00,2026-09-18T07:15:26.678931+00:00,/users/gxt/DdlRT--LRC/experiments/results/logs/cdc3438cd385d7b2-r05-attempt01.log
cdc3438cd385d7b2-r05,ClusterRT_LRC,success,,1,bandwidth,k12_l2_g2,12,2,2,1048576,1000,10,5,5,286.7,0.0544994,2,250,250,8.86318,4.3839,8.87664,19.5057,2026-09-18T07:09:03.315835+00:00,2026-09-18T07:15:26.678931+00:00,/users/gxt/DdlRT--LRC/experiments/results/logs/cdc3438cd385d7b2-r05-attempt01.log
7d2964fcf2d7de37-r01,ClusterRT_LRC,success,,1,bandwidth,k12_l2_g2,12,2,2,1048576,1000,10,10,1,288.248,0.0542067,1,500,500,8.53376,10.973,13.663,25.4234,2026-09-18T07:15:29.804272+00:00,2026-09-18T07:21:54.802246+00:00,/users/gxt/DdlRT--LRC/experiments/results/logs/7d2964fcf2d7de37-r01-attempt01.log
7d2964fcf2d7de37-r01,ClusterRT_LRC,success,,1,bandwidth,k12_l2_g2,12,2,2,1048576,1000,10,10,1,288.248,0.0542067,2,250,250,8.64392,4.51734,8.68789,19.2805,2026-09-18T07:15:29.804272+00:00,2026-09-18T07:21:54.802246+00:00,/users/gxt/DdlRT--LRC/experiments/results/logs/7d2964fcf2d7de37-r01-attempt01.log
7d2964fcf2d7de37-r02,ClusterRT_LRC,success,,2,bandwidth,k12_l2_g2,12,2,2,1048576,1000,10,10,2,278.154,0.0561739,1,500,500,8.43952,10.9386,13.581,25.3236,2026-09-18T07:26:05.012310+00:00,2026-09-18T07:32:19.070458+00:00,/users/gxt/DdlRT--LRC/experiments/results/logs/7d2964fcf2d7de37-r02-attempt02.log
7d2964fcf2d7de37-r02,ClusterRT_LRC,success,,2,bandwidth,k12_l2_g2,12,2,2,1048576,1000,10,10,2,278.154,0.0561739,2,250,250,8.6918,4.44039,8.71616,19.4007,2026-09-18T07:26:05.012310+00:00,2026-09-18T07:32:19.070458+00:00,/users/gxt/DdlRT--LRC/experiments/results/logs/7d2964fcf2d7de37-r02-attempt02.log
7d2964fcf2d7de37-r03,ClusterRT_LRC,success,,1,bandwidth,k12_l2_g2,12,2,2,1048576,1000,10,10,3,283.746,0.0550668,1,500,500,8.3648,10.9413,13.4884,25.234,2026-09-18T07:32:22.145701+00:00,2026-09-18T07:38:42.244006+00:00,/users/gxt/DdlRT--LRC/experiments/results/logs/7d2964fcf2d7de37-r03-attempt01.log
7d2964fcf2d7de37-r03,ClusterRT_LRC,success,,1,bandwidth,k12_l2_g2,12,2,2,1048576,1000,10,10,3,283.746,0.0550668,2,250,250,8.72708,4.48296,8.76232,19.4893,2026-09-18T07:32:22.145701+00:00,2026-09-18T07:38:42.244006+00:00,/users/gxt/DdlRT--LRC/experiments/results/logs/7d2964fcf2d7de37-r03-attempt01.log
7d2964fcf2d7de37-r04,ClusterRT_LRC,success,,1,bandwidth,k12_l2_g2,12,2,2,1048576,1000,10,10,4,283.478,0.0551189,1,500,500,8.49298,11.0112,13.6825,25.3955,2026-09-18T07:38:45.389648+00:00,2026-09-18T07:45:04.748423+00:00,/users/gxt/DdlRT--LRC/experiments/results/logs/7d2964fcf2d7de37-r04-attempt01.log
7d2964fcf2d7de37-r04,ClusterRT_LRC,success,,1,bandwidth,k12_l2_g2,12,2,2,1048576,1000,10,10,4,283.478,0.0551189,2,250,250,8.66818,4.42524,8.70065,19.4208,2026-09-18T07:38:45.389648+00:00,2026-09-18T07:45:04.748423+00:00,/users/gxt/DdlRT--LRC/experiments/results/logs/7d2964fcf2d7de37-r04-attempt01.log
7d2964fcf2d7de37-r05,ClusterRT_LRC,success,,1,bandwidth,k12_l2_g2,12,2,2,1048576,1000,10,10,5,278.27,0.0561506,1,500,500,8.51214,11.0029,13.7021,25.4968,2026-09-18T07:45:07.916973+00:00,2026-09-18T07:51:22.415695+00:00,/users/gxt/DdlRT--LRC/experiments/results/logs/7d2964fcf2d7de37-r05-attempt01.log
7d2964fcf2d7de37-r05,ClusterRT_LRC,success,,1,bandwidth,k12_l2_g2,12,2,2,1048576,1000,10,10,5,278.27,0.0561506,2,250,250,8.67293,4.45355,8.71769,19.3952,2026-09-18T07:45:07.916973+00:00,2026-09-18T07:51:22.415695+00:00,/users/gxt/DdlRT--LRC/experiments/results/logs/7d2964fcf2d7de37-r05-attempt01.log
6162b9fa9da26560-r01,ClusterRT_LRC,success,,1,stripes,k12_l2_g2,12,2,2,1048576,500,10,1,1,138.003,0.0566113,1,250,250,5.71918,6.31135,8.60531,14.3568,2026-09-18T07:51:25.642723+00:00,2026-09-18T07:55:02.358224+00:00,/users/gxt/DdlRT--LRC/experiments/results/logs/6162b9fa9da26560-r01-attempt01.log
6162b9fa9da26560-r01,ClusterRT_LRC,success,,1,stripes,k12_l2_g2,12,2,2,1048576,500,10,1,1,138.003,0.0566113,2,125,125,7.77357,2.75451,7.79319,13.1422,2026-09-18T07:51:25.642723+00:00,2026-09-18T07:55:02.358224+00:00,/users/gxt/DdlRT--LRC/experiments/results/logs/6162b9fa9da26560-r01-attempt01.log
6162b9fa9da26560-r02,ClusterRT_LRC,success,,1,stripes,k12_l2_g2,12,2,2,1048576,500,10,1,2,146.578,0.0532992,1,250,250,5.72944,6.37733,8.62456,14.3889,2026-09-18T07:55:05.121354+00:00,2026-09-18T07:58:50.504236+00:00,/users/gxt/DdlRT--LRC/experiments/results/logs/6162b9fa9da26560-r02-attempt01.log
6162b9fa9da26560-r02,ClusterRT_LRC,success,,1,stripes,k12_l2_g2,12,2,2,1048576,500,10,1,2,146.578,0.0532992,2,125,125,7.77457,2.70572,7.79573,13.1423,2026-09-18T07:55:05.121354+00:00,2026-09-18T07:58:50.504236+00:00,/users/gxt/DdlRT--LRC/experiments/results/logs/6162b9fa9da26560-r02-attempt01.log
6162b9fa9da26560-r03,ClusterRT_LRC,success,,1,stripes,k12_l2_g2,12,2,2,1048576,500,10,1,3,144.493,0.0540683,1,250,250,5.68608,6.35797,8.61496,14.406,2026-09-18T07:58:53.263714+00:00,2026-09-18T08:02:36.636255+00:00,/users/gxt/DdlRT--LRC/experiments/results/logs/6162b9fa9da26560-r03-attempt01.log
6162b9fa9da26560-r03,ClusterRT_LRC,success,,1,stripes,k12_l2_g2,12,2,2,1048576,500,10,1,3,144.493,0.0540683,2,125,125,7.7828,2.72312,7.80494,13.1682,2026-09-18T07:58:53.263714+00:00,2026-09-18T08:02:36.636255+00:00,/users/gxt/DdlRT--LRC/experiments/results/logs/6162b9fa9da26560-r03-attempt01.log
6162b9fa9da26560-r04,ClusterRT_LRC,success,,1,stripes,k12_l2_g2,12,2,2,1048576,500,10,1,4,142.904,0.0546694,1,250,250,5.73314,6.43606,8.68177,14.4881,2026-09-18T08:02:39.439828+00:00,2026-09-18T08:06:21.308911+00:00,/users/gxt/DdlRT--LRC/experiments/results/logs/6162b9fa9da26560-r04-attempt01.log
6162b9fa9da26560-r04,ClusterRT_LRC,success,,1,stripes,k12_l2_g2,12,2,2,1048576,500,10,1,4,142.904,0.0546694,2,125,125,7.79315,2.72077,7.82214,13.1845,2026-09-18T08:02:39.439828+00:00,2026-09-18T08:06:21.308911+00:00,/users/gxt/DdlRT--LRC/experiments/results/logs/6162b9fa9da26560-r04-attempt01.log
6162b9fa9da26560-r05,ClusterRT_LRC,success,,1,stripes,k12_l2_g2,12,2,2,1048576,500,10,1,5,132.334,0.0590363,1,250,250,5.71149,6.36625,8.63257,14.4198,2026-09-18T08:06:24.088522+00:00,2026-09-18T08:09:55.390848+00:00,/users/gxt/DdlRT--LRC/experiments/results/logs/6162b9fa9da26560-r05-attempt01.log
6162b9fa9da26560-r05,ClusterRT_LRC,success,,1,stripes,k12_l2_g2,12,2,2,1048576,500,10,1,5,132.334,0.0590363,2,125,125,7.781,2.7533,7.81158,13.1713,2026-09-18T08:06:24.088522+00:00,2026-09-18T08:09:55.390848+00:00,/users/gxt/DdlRT--LRC/experiments/results/logs/6162b9fa9da26560-r05-attempt01.log
799e1384b391887d-r01,ClusterRT_LRC,success,,2,stripes,k12_l2_g2,12,2,2,1048576,1500,10,1,1,419.41,0.0558821,1,750,750,17.5999,15.6164,24.6968,43.0434,2026-09-18T08:12:58.027738+00:00,2026-09-18T08:22:09.887122+00:00,/users/gxt/DdlRT--LRC/experiments/results/logs/799e1384b391887d-r01-attempt02.log
799e1384b391887d-r01,ClusterRT_LRC,success,,2,stripes,k12_l2_g2,12,2,2,1048576,1500,10,1,1,419.41,0.0558821,2,375,375,21.4448,6.21932,21.4481,37.9585,2026-09-18T08:12:58.027738+00:00,2026-09-18T08:22:09.887122+00:00,/users/gxt/DdlRT--LRC/experiments/results/logs/799e1384b391887d-r01-attempt02.log
799e1384b391887d-r02,ClusterRT_LRC,success,,1,stripes,k12_l2_g2,12,2,2,1048576,1500,10,1,2,403.455,0.0580919,1,750,750,17.7196,15.5809,24.8125,43.1487,2026-09-18T08:22:13.340020+00:00,2026-09-18T08:31:09.679846+00:00,/users/gxt/DdlRT--LRC/experiments/results/logs/799e1384b391887d-r02-attempt01.log
799e1384b391887d-r02,ClusterRT_LRC,success,,1,stripes,k12_l2_g2,12,2,2,1048576,1500,10,1,2,403.455,0.0580919,2,375,375,21.4799,6.24738,21.4896,38.092,2026-09-18T08:22:13.340020+00:00,2026-09-18T08:31:09.679846+00:00,/users/gxt/DdlRT--LRC/experiments/results/logs/799e1384b391887d-r02-attempt01.log
799e1384b391887d-r03,ClusterRT_LRC,success,,1,stripes,k12_l2_g2,12,2,2,1048576,1500,10,1,3,430.278,0.0544706,1,750,750,17.5252,15.5047,24.5577,43.2175,2026-09-18T08:31:13.084115+00:00,2026-09-18T08:40:35.750156+00:00,/users/gxt/DdlRT--LRC/experiments/results/logs/799e1384b391887d-r03-attempt01.log
799e1384b391887d-r03,ClusterRT_LRC,success,,1,stripes,k12_l2_g2,12,2,2,1048576,1500,10,1,3,430.278,0.0544706,2,375,375,21.4424,6.18284,21.4556,37.8751,2026-09-18T08:31:13.084115+00:00,2026-09-18T08:40:35.750156+00:00,/users/gxt/DdlRT--LRC/experiments/results/logs/799e1384b391887d-r03-attempt01.log
799e1384b391887d-r04,ClusterRT_LRC,success,,1,stripes,k12_l2_g2,12,2,2,1048576,1500,10,1,4,399.925,0.0586048,1,750,750,17.5954,15.5158,24.6797,42.9152,2026-09-18T08:40:39.161821+00:00,2026-09-18T08:49:31.479048+00:00,/users/gxt/DdlRT--LRC/experiments/results/logs/799e1384b391887d-r04-attempt01.log
799e1384b391887d-r04,ClusterRT_LRC,success,,1,stripes,k12_l2_g2,12,2,2,1048576,1500,10,1,4,399.925,0.0586048,2,375,375,21.4348,6.22083,21.4444,37.8976,2026-09-18T08:40:39.161821+00:00,2026-09-18T08:49:31.479048+00:00,/users/gxt/DdlRT--LRC/experiments/results/logs/799e1384b391887d-r04-attempt01.log
799e1384b391887d-r05,ClusterRT_LRC,success,,1,stripes,k12_l2_g2,12,2,2,1048576,1500,10,1,5,417.311,0.0561631,1,750,750,17.4233,15.5414,24.5698,42.9313,2026-09-18T08:49:34.899403+00:00,2026-09-18T08:58:45.198492+00:00,/users/gxt/DdlRT--LRC/experiments/results/logs/799e1384b391887d-r05-attempt01.log
799e1384b391887d-r05,ClusterRT_LRC,success,,1,stripes,k12_l2_g2,12,2,2,1048576,1500,10,1,5,417.311,0.0561631,2,375,375,21.533,6.25441,21.5365,38.0159,2026-09-18T08:49:34.899403+00:00,2026-09-18T08:58:45.198492+00:00,/users/gxt/DdlRT--LRC/experiments/results/logs/799e1384b391887d-r05-attempt01.log
f9bb6521670617f9-r01,ClusterRT_LRC,success,,1,stripes,k12_l2_g2,12,2,2,1048576,2000,10,1,1,565.245,0.0552858,1,1000,1000,21.5072,19.6606,30.7854,56.2932,2026-09-18T08:58:48.550648+00:00,2026-09-18T09:10:52.372007+00:00,/users/gxt/DdlRT--LRC/experiments/results/logs/f9bb6521670617f9-r01-attempt01.log
f9bb6521670617f9-r01,ClusterRT_LRC,success,,1,stripes,k12_l2_g2,12,2,2,1048576,2000,10,1,1,565.245,0.0552858,2,500,500,28.4583,8.35471,28.5115,51.0855,2026-09-18T08:58:48.550648+00:00,2026-09-18T09:10:52.372007+00:00,/users/gxt/DdlRT--LRC/experiments/results/logs/f9bb6521670617f9-r01-attempt01.log
f9bb6521670617f9-r02,ClusterRT_LRC,success,,1,stripes,k12_l2_g2,12,2,2,1048576,2000,10,1,2,548.964,0.0569254,1,1000,1000,21.5531,19.7056,30.8475,56.2961,2026-09-18T09:10:56.044591+00:00,2026-09-18T09:22:43.799628+00:00,/users/gxt/DdlRT--LRC/experiments/results/logs/f9bb6521670617f9-r02-attempt01.log
f9bb6521670617f9-r02,ClusterRT_LRC,success,,1,stripes,k12_l2_g2,12,2,2,1048576,2000,10,1,2,548.964,0.0569254,2,500,500,28.4617,8.3871,28.523,51.0735,2026-09-18T09:10:56.044591+00:00,2026-09-18T09:22:43.799628+00:00,/users/gxt/DdlRT--LRC/experiments/results/logs/f9bb6521670617f9-r02-attempt01.log
f9bb6521670617f9-r03,ClusterRT_LRC,success,,2,stripes,k12_l2_g2,12,2,2,1048576,2000,10,1,3,561.5,0.0556545,1,1000,1000,21.4496,19.6325,30.7502,56.2162,2026-09-18T09:29:03.196654+00:00,2026-09-18T09:41:03.087408+00:00,/users/gxt/DdlRT--LRC/experiments/results/logs/f9bb6521670617f9-r03-attempt02.log
f9bb6521670617f9-r03,ClusterRT_LRC,success,,2,stripes,k12_l2_g2,12,2,2,1048576,2000,10,1,3,561.5,0.0556545,2,500,500,28.3824,8.51682,28.4356,50.8611,2026-09-18T09:29:03.196654+00:00,2026-09-18T09:41:03.087408+00:00,/users/gxt/DdlRT--LRC/experiments/results/logs/f9bb6521670617f9-r03-attempt02.log
f9bb6521670617f9-r04,ClusterRT_LRC,success,,1,stripes,k12_l2_g2,12,2,2,1048576,2000,10,1,4,557.601,0.0560436,1,1000,1000,21.4625,19.5729,30.6904,56.2143,2026-09-18T09:41:06.901113+00:00,2026-09-18T09:53:03.292830+00:00,/users/gxt/DdlRT--LRC/experiments/results/logs/f9bb6521670617f9-r04-attempt01.log
f9bb6521670617f9-r04,ClusterRT_LRC,success,,1,stripes,k12_l2_g2,12,2,2,1048576,2000,10,1,4,557.601,0.0560436,2,500,500,28.4438,8.35143,28.4873,51.0713,2026-09-18T09:41:06.901113+00:00,2026-09-18T09:53:03.292830+00:00,/users/gxt/DdlRT--LRC/experiments/results/logs/f9bb6521670617f9-r04-attempt01.log
f9bb6521670617f9-r05,ClusterRT_LRC,success,,1,stripes,k12_l2_g2,12,2,2,1048576,2000,10,1,5,567.955,0.0550219,1,1000,1000,21.5817,19.705,30.8857,56.3728,2026-09-18T09:53:07.130637+00:00,2026-09-18T10:05:13.709849+00:00,/users/gxt/DdlRT--LRC/experiments/results/logs/f9bb6521670617f9-r05-attempt01.log
f9bb6521670617f9-r05,ClusterRT_LRC,success,,1,stripes,k12_l2_g2,12,2,2,1048576,2000,10,1,5,567.955,0.0550219,2,500,500,28.4752,8.46208,28.5339,51.0616,2026-09-18T09:53:07.130637+00:00,2026-09-18T10:05:13.709849+00:00,/users/gxt/DdlRT--LRC/experiments/results/logs/f9bb6521670617f9-r05-attempt01.log
6d309f4226434643-r01,ClusterRT_LRC,success,,1,block_size,k12_l2_g2,12,2,2,262144,1000,10,1,1,43.366,0.0900763,1,500,500,4.73746,5.93843,7.40387,17.4974,2026-09-18T10:05:17.568570+00:00,2026-09-18T10:07:24.825230+00:00,/users/gxt/DdlRT--LRC/experiments/results/logs/6d309f4226434643-r01-attempt01.log
6d309f4226434643-r01,ClusterRT_LRC,success,,1,block_size,k12_l2_g2,12,2,2,262144,1000,10,1,1,43.366,0.0900763,2,250,250,6.18171,2.16263,6.18918,15.4814,2026-09-18T10:05:17.568570+00:00,2026-09-18T10:07:24.825230+00:00,/users/gxt/DdlRT--LRC/experiments/results/logs/6d309f4226434643-r01-attempt01.log
6d309f4226434643-r02,ClusterRT_LRC,success,,1,block_size,k12_l2_g2,12,2,2,262144,1000,10,1,2,42.8179,0.0912294,1,500,500,4.74855,5.95006,7.4254,17.6429,2026-09-18T10:07:27.474636+00:00,2026-09-18T10:09:35.109769+00:00,/users/gxt/DdlRT--LRC/experiments/results/logs/6d309f4226434643-r02-attempt01.log
6d309f4226434643-r02,ClusterRT_LRC,success,,1,block_size,k12_l2_g2,12,2,2,262144,1000,10,1,2,42.8179,0.0912294,2,250,250,6.17329,2.16259,6.1809,15.4132,2026-09-18T10:07:27.474636+00:00,2026-09-18T10:09:35.109769+00:00,/users/gxt/DdlRT--LRC/experiments/results/logs/6d309f4226434643-r02-attempt01.log
6d309f4226434643-r03,ClusterRT_LRC,success,,1,block_size,k12_l2_g2,12,2,2,262144,1000,10,1,3,42.8723,0.0911135,1,500,500,4.74478,5.90961,7.39695,17.4722,2026-09-18T10:09:37.813243+00:00,2026-09-18T10:11:45.266401+00:00,/users/gxt/DdlRT--LRC/experiments/results/logs/6d309f4226434643-r03-attempt01.log
6d309f4226434643-r03,ClusterRT_LRC,success,,1,block_size,k12_l2_g2,12,2,2,262144,1000,10,1,3,42.8723,0.0911135,2,250,250,6.18839,2.17542,6.19629,15.4678,2026-09-18T10:09:37.813243+00:00,2026-09-18T10:11:45.266401+00:00,/users/gxt/DdlRT--LRC/experiments/results/logs/6d309f4226434643-r03-attempt01.log
6d309f4226434643-r04,ClusterRT_LRC,success,,1,block_size,k12_l2_g2,12,2,2,262144,1000,10,1,4,43.9771,0.0888247,1,500,500,4.76524,5.9782,7.45298,17.517,2026-09-18T10:11:47.963202+00:00,2026-09-18T10:13:56.307246+00:00,/users/gxt/DdlRT--LRC/experiments/results/logs/6d309f4226434643-r04-attempt01.log
6d309f4226434643-r04,ClusterRT_LRC,success,,1,block_size,k12_l2_g2,12,2,2,262144,1000,10,1,4,43.9771,0.0888247,2,250,250,6.17556,2.17517,6.1831,15.4416,2026-09-18T10:11:47.963202+00:00,2026-09-18T10:13:56.307246+00:00,/users/gxt/DdlRT--LRC/experiments/results/logs/6d309f4226434643-r04-attempt01.log
6d309f4226434643-r05,ClusterRT_LRC,success,,1,block_size,k12_l2_g2,12,2,2,262144,1000,10,1,5,42.5579,0.0917866,1,500,500,4.75353,5.92118,7.41683,17.4945,2026-09-18T10:13:59.010569+00:00,2026-09-18T10:16:05.920055+00:00,/users/gxt/DdlRT--LRC/experiments/results/logs/6d309f4226434643-r05-attempt01.log
6d309f4226434643-r05,ClusterRT_LRC,success,,1,block_size,k12_l2_g2,12,2,2,262144,1000,10,1,5,42.5579,0.0917866,2,250,250,6.17553,2.17875,6.18477,15.5031,2026-09-18T10:13:59.010569+00:00,2026-09-18T10:16:05.920055+00:00,/users/gxt/DdlRT--LRC/experiments/results/logs/6d309f4226434643-r05-attempt01.log
6a10eff3b3e0fced-r01,ClusterRT_LRC,success,,1,block_size,k12_l2_g2,12,2,2,524288,1000,10,1,1,128.216,0.0609324,1,500,500,6.88618,7.84189,10.4327,21.1744,2026-09-18T10:16:08.627207+00:00,2026-09-18T10:19:48.675943+00:00,/users/gxt/DdlRT--LRC/experiments/results/logs/6a10eff3b3e0fced-r01-attempt01.log
6a10eff3b3e0fced-r01,ClusterRT_LRC,success,,1,block_size,k12_l2_g2,12,2,2,524288,1000,10,1,1,128.216,0.0609324,2,250,250,8.8751,2.95056,8.88867,18.7277,2026-09-18T10:16:08.627207+00:00,2026-09-18T10:19:48.675943+00:00,/users/gxt/DdlRT--LRC/experiments/results/logs/6a10eff3b3e0fced-r01-attempt01.log
6a10eff3b3e0fced-r02,ClusterRT_LRC,success,,1,block_size,k12_l2_g2,12,2,2,524288,1000,10,1,2,125.951,0.0620283,1,500,500,6.83487,7.8436,10.3729,21.1344,2026-09-18T10:19:51.491056+00:00,2026-09-18T10:23:28.570454+00:00,/users/gxt/DdlRT--LRC/experiments/results/logs/6a10eff3b3e0fced-r02-attempt01.log
6a10eff3b3e0fced-r02,ClusterRT_LRC,success,,1,block_size,k12_l2_g2,12,2,2,524288,1000,10,1,2,125.951,0.0620283,2,250,250,8.85223,2.96214,8.86769,18.7032,2026-09-18T10:19:51.491056+00:00,2026-09-18T10:23:28.570454+00:00,/users/gxt/DdlRT--LRC/experiments/results/logs/6a10eff3b3e0fced-r02-attempt01.log
6a10eff3b3e0fced-r03,ClusterRT_LRC,success,,1,block_size,k12_l2_g2,12,2,2,524288,1000,10,1,3,124.153,0.0629262,1,500,500,6.86974,7.88278,10.4288,21.358,2026-09-18T10:23:31.426355+00:00,2026-09-18T10:27:07.074388+00:00,/users/gxt/DdlRT--LRC/experiments/results/logs/6a10eff3b3e0fced-r03-attempt01.log
6a10eff3b3e0fced-r03,ClusterRT_LRC,success,,1,block_size,k12_l2_g2,12,2,2,524288,1000,10,1,3,124.153,0.0629262,2,250,250,8.83022,2.97519,8.84246,18.6433,2026-09-18T10:23:31.426355+00:00,2026-09-18T10:27:07.074388+00:00,/users/gxt/DdlRT--LRC/experiments/results/logs/6a10eff3b3e0fced-r03-attempt01.log
6a10eff3b3e0fced-r04,ClusterRT_LRC,success,,1,block_size,k12_l2_g2,12,2,2,524288,1000,10,1,4,126.425,0.0617957,1,500,500,6.84614,7.82257,10.3862,21.0263,2026-09-18T10:27:09.914835+00:00,2026-09-18T10:30:47.588554+00:00,/users/gxt/DdlRT--LRC/experiments/results/logs/6a10eff3b3e0fced-r04-attempt01.log
6a10eff3b3e0fced-r04,ClusterRT_LRC,success,,1,block_size,k12_l2_g2,12,2,2,524288,1000,10,1,4,126.425,0.0617957,2,250,250,8.83252,2.9553,8.84678,18.6494,2026-09-18T10:27:09.914835+00:00,2026-09-18T10:30:47.588554+00:00,/users/gxt/DdlRT--LRC/experiments/results/logs/6a10eff3b3e0fced-r04-attempt01.log
6a10eff3b3e0fced-r05,ClusterRT_LRC,success,,1,block_size,k12_l2_g2,12,2,2,524288,1000,10,1,5,121.95,0.0640631,1,500,500,6.82151,7.85125,10.3616,21.0735,2026-09-18T10:30:50.421363+00:00,2026-09-18T10:34:23.720535+00:00,/users/gxt/DdlRT--LRC/experiments/results/logs/6a10eff3b3e0fced-r05-attempt01.log
6a10eff3b3e0fced-r05,ClusterRT_LRC,success,,1,block_size,k12_l2_g2,12,2,2,524288,1000,10,1,5,121.95,0.0640631,2,250,250,8.83146,2.96782,8.84258,18.685,2026-09-18T10:30:50.421363+00:00,2026-09-18T10:34:23.720535+00:00,/users/gxt/DdlRT--LRC/experiments/results/logs/6a10eff3b3e0fced-r05-attempt01.log
7af83ecc8925a37a-r01,ClusterRT_LRC,success,,1,block_size,k12_l2_g2,12,2,2,2097152,1000,10,1,1,625.85,0.0499321,1,500,500,20.9146,17.7085,29.1905,42.7842,2026-09-18T10:34:26.541520+00:00,2026-09-18T10:47:04.824544+00:00,/users/gxt/DdlRT--LRC/experiments/results/logs/7af83ecc8925a37a-r01-attempt01.log
7af83ecc8925a37a-r01,ClusterRT_LRC,success,,1,block_size,k12_l2_g2,12,2,2,2097152,1000,10,1,1,625.85,0.0499321,2,250,250,25.9936,8.03684,26.0798,38.5343,2026-09-18T10:34:26.541520+00:00,2026-09-18T10:47:04.824544+00:00,/users/gxt/DdlRT--LRC/experiments/results/logs/7af83ecc8925a37a-r01-attempt01.log
7af83ecc8925a37a-r02,ClusterRT_LRC,success,,1,block_size,k12_l2_g2,12,2,2,2097152,1000,10,1,2,590.441,0.0529265,1,500,500,20.9016,17.7951,29.2491,42.8561,2026-09-18T10:47:08.548731+00:00,2026-09-18T10:59:11.754181+00:00,/users/gxt/DdlRT--LRC/experiments/results/logs/7af83ecc8925a37a-r02-attempt01.log
7af83ecc8925a37a-r02,ClusterRT_LRC,success,,1,block_size,k12_l2_g2,12,2,2,2097152,1000,10,1,2,590.441,0.0529265,2,250,250,25.8361,7.8624,25.9158,38.4158,2026-09-18T10:47:08.548731+00:00,2026-09-18T10:59:11.754181+00:00,/users/gxt/DdlRT--LRC/experiments/results/logs/7af83ecc8925a37a-r02-attempt01.log
7af83ecc8925a37a-r03,ClusterRT_LRC,success,,1,block_size,k12_l2_g2,12,2,2,2097152,1000,10,1,3,609.578,0.051265,1,500,500,20.7697,17.7794,28.9992,42.6828,2026-09-18T10:59:15.404196+00:00,2026-09-18T11:11:37.907474+00:00,/users/gxt/DdlRT--LRC/experiments/results/logs/7af83ecc8925a37a-r03-attempt01.log
7af83ecc8925a37a-r03,ClusterRT_LRC,success,,1,block_size,k12_l2_g2,12,2,2,2097152,1000,10,1,3,609.578,0.051265,2,250,250,26.2468,7.85472,26.338,38.7515,2026-09-18T10:59:15.404196+00:00,2026-09-18T11:11:37.907474+00:00,/users/gxt/DdlRT--LRC/experiments/results/logs/7af83ecc8925a37a-r03-attempt01.log
7af83ecc8925a37a-r04,ClusterRT_LRC,success,,1,block_size,k12_l2_g2,12,2,2,2097152,1000,10,1,4,619.185,0.0504696,1,500,500,20.7894,17.739,29.0671,42.6676,2026-09-18T11:11:41.548486+00:00,2026-09-18T11:24:12.909652+00:00,/users/gxt/DdlRT--LRC/experiments/results/logs/7af83ecc8925a37a-r04-attempt01.log
7af83ecc8925a37a-r04,ClusterRT_LRC,success,,1,block_size,k12_l2_g2,12,2,2,2097152,1000,10,1,4,619.185,0.0504696,2,250,250,25.8815,8.04311,25.9594,38.3976,2026-09-18T11:11:41.548486+00:00,2026-09-18T11:24:12.909652+00:00,/users/gxt/DdlRT--LRC/experiments/results/logs/7af83ecc8925a37a-r04-attempt01.log
7af83ecc8925a37a-r05,ClusterRT_LRC,success,,1,block_size,k12_l2_g2,12,2,2,2097152,1000,10,1,5,614.676,0.0508398,1,500,500,20.8096,17.8803,29.1015,42.6963,2026-09-18T11:24:16.625368+00:00,2026-09-18T11:36:43.790072+00:00,/users/gxt/DdlRT--LRC/experiments/results/logs/7af83ecc8925a37a-r05-attempt01.log
7af83ecc8925a37a-r05,ClusterRT_LRC,success,,1,block_size,k12_l2_g2,12,2,2,2097152,1000,10,1,5,614.676,0.0508398,2,250,250,25.902,7.87821,25.9958,38.4569,2026-09-18T11:24:16.625368+00:00,2026-09-18T11:36:43.790072+00:00,/users/gxt/DdlRT--LRC/experiments/results/logs/7af83ecc8925a37a-r05-attempt01.log
b193438be03c9eec-r01,ClusterRT_LRC,success,,1,block_size,k12_l2_g2,12,2,2,4194304,1000,10,1,1,1113.41,0.056134,1,500,500,37.9882,32.103,53.3291,70.3865,2026-09-18T11:36:47.462319+00:00,2026-09-18T11:58:28.194032+00:00,/users/gxt/DdlRT--LRC/experiments/results/logs/b193438be03c9eec-r01-attempt01.log
b193438be03c9eec-r01,ClusterRT_LRC,success,,1,block_size,k12_l2_g2,12,2,2,4194304,1000,10,1,1,1113.41,0.056134,2,250,250,49.5632,15.2226,49.792,65.2877,2026-09-18T11:36:47.462319+00:00,2026-09-18T11:58:28.194032+00:00,/users/gxt/DdlRT--LRC/experiments/results/logs/b193438be03c9eec-r01-attempt01.log
b193438be03c9eec-r02,ClusterRT_LRC,success,,1,block_size,k12_l2_g2,12,2,2,4194304,1000,10,1,2,1092.73,0.0571961,1,500,500,38.2576,31.9566,53.4562,70.2489,2026-09-18T11:58:32.983180+00:00,2026-09-18T12:19:53.450307+00:00,/users/gxt/DdlRT--LRC/experiments/results/logs/b193438be03c9eec-r02-attempt01.log
b193438be03c9eec-r02,ClusterRT_LRC,success,,1,block_size,k12_l2_g2,12,2,2,4194304,1000,10,1,2,1092.73,0.0571961,2,250,250,48.978,16.3329,50.1808,65.6002,2026-09-18T11:58:32.983180+00:00,2026-09-18T12:19:53.450307+00:00,/users/gxt/DdlRT--LRC/experiments/results/logs/b193438be03c9eec-r02-attempt01.log
b193438be03c9eec-r03,ClusterRT_LRC,success,,2,block_size,k12_l2_g2,12,2,2,4194304,1000,10,1,3,1099.45,0.0568466,1,500,500,38.0834,31.7457,53.08,69.8892,2026-09-18T12:21:25.939945+00:00,2026-09-18T12:42:51.213891+00:00,/users/gxt/DdlRT--LRC/experiments/results/logs/b193438be03c9eec-r03-attempt02.log
b193438be03c9eec-r03,ClusterRT_LRC,success,,2,block_size,k12_l2_g2,12,2,2,4194304,1000,10,1,3,1099.45,0.0568466,2,250,250,48.963,14.9688,49.1705,64.5997,2026-09-18T12:21:25.939945+00:00,2026-09-18T12:42:51.213891+00:00,/users/gxt/DdlRT--LRC/experiments/results/logs/b193438be03c9eec-r03-attempt02.log
b193438be03c9eec-r04,ClusterRT_LRC,success,,1,block_size,k12_l2_g2,12,2,2,4194304,1000,10,1,4,1101.09,0.0567618,1,500,500,37.8195,31.8491,52.9855,69.8877,2026-09-18T12:42:55.872818+00:00,2026-09-18T13:04:23.410200+00:00,/users/gxt/DdlRT--LRC/experiments/results/logs/b193438be03c9eec-r04-attempt01.log
b193438be03c9eec-r04,ClusterRT_LRC,success,,1,block_size,k12_l2_g2,12,2,2,4194304,1000,10,1,4,1101.09,0.0567618,2,250,250,48.9511,15.3353,49.1687,64.6282,2026-09-18T12:42:55.872818+00:00,2026-09-18T13:04:23.410200+00:00,/users/gxt/DdlRT--LRC/experiments/results/logs/b193438be03c9eec-r04-attempt01.log
b193438be03c9eec-r05,ClusterRT_LRC,success,,1,block_size,k12_l2_g2,12,2,2,4194304,1000,10,1,5,1091.39,0.0572662,1,500,500,38.1759,32.2827,53.6133,70.4477,2026-09-18T13:04:28.056628+00:00,2026-09-18T13:25:46.706279+00:00,/users/gxt/DdlRT--LRC/experiments/results/logs/b193438be03c9eec-r05-attempt01.log
b193438be03c9eec-r05,ClusterRT_LRC,success,,1,block_size,k12_l2_g2,12,2,2,4194304,1000,10,1,5,1091.39,0.0572662,2,250,250,49.2764,15.3346,49.5122,65.0679,2026-09-18T13:04:28.056628+00:00,2026-09-18T13:25:46.706279+00:00,/users/gxt/DdlRT--LRC/experiments/results/logs/b193438be03c9eec-r05-attempt01.log
